Cristhian ;ZANAHORIABAJA;Z;2.414;False;0.000;0;0.000;13;Z;False;False
Cristhian ;ZANAHORIABAJA;ZA;2.514;False;0.000;0;0.000;13;A;False;False
Cristhian ;ZANAHORIABAJA;ZAN;0.851;False;0.000;0;0.000;13;N;False;False
Cristhian ;ZANAHORIABAJA;ZANA;0.991;False;0.000;0;0.000;13;A;False;False
Cristhian ;ZANAHORIABAJA;ZANAH;0.349;False;0.000;0;0.000;13;H;False;False
Cristhian ;ZANAHORIABAJA;ZANAHO;0.457;False;0.000;0;0.000;13;O;False;False
Cristhian ;ZANAHORIABAJA;ZANAHOR;0.264;False;0.000;0;0.000;13;R;False;False
Cristhian ;ZANAHORIABAJA;ZANAHORI;0.292;False;0.000;0;0.000;13;I;False;False
Cristhian ;ZANAHORIABAJA;ZANAHORIA;0.288;False;0.000;0;0.000;13;A;False;False
Cristhian ;ZANAHORIABAJA;ZANAHORIAB;0.528;False;0.000;0;0.000;13;B;False;False
Cristhian ;ZANAHORIABAJA;ZANAHORIABA;0.648;False;0.000;0;0.000;13;A;False;False
Cristhian ;ZANAHORIABAJA;ZANAHORIABAJ;0.240;False;0.000;0;0.000;13;J;False;False
Cristhian ;ZANAHORIABAJA;ZANAHORIABAJA;0.297;False;0.000;0;0.000;13;A;False;False
Cristhian ;ZANAHORIABAJA;ZANAHORIABAJA;0.282;False;0.000;1;11.241;13;;False;True
 Cristhian  ;PANTQVFGKWALONXL;P;0.269;False;0.000;0;0.000;16;P;False;False
 Cristhian  ;PANTQVFGKWALONXL;PA;0.379;False;0.000;0;0.000;16;A;False;False
 Cristhian  ;PANTQVFGKWALONXL;PAN;0.550;False;0.000;0;0.000;16;N;False;False
 Cristhian  ;PANTQVFGKWALONXL;PANT;0.352;False;0.000;0;0.000;16;T;False;False
 Cristhian  ;PANTQVFGKWALONXL;PANTW;0.608;False;0.000;0;0.000;16;W;True;False
 Cristhian  ;PANTQVFGKWALONXL;PANTQ;0.808;False;0.000;0;0.000;16;Q;False;False
 Cristhian  ;PANTQVFGKWALONXL;PANTQV;1.496;False;0.000;0;0.000;16;V;False;False
 Cristhian  ;PANTQVFGKWALONXL;PANTQVF;1.503;False;0.000;0;0.000;16;F;False;False
 Cristhian  ;PANTQVFGKWALONXL;PANTQVFG;1.626;False;0.000;0;0.000;16;G;False;False
 Cristhian  ;PANTQVFGKWALONXL;PANTQVFGK;0.637;False;0.000;0;0.000;16;K;False;False
 Cristhian  ;PANTQVFGKWALONXL;PANTQVFGKW;0.661;False;0.000;0;0.000;16;W;False;False
 Cristhian  ;PANTQVFGKWALONXL;PANTQVFGKWA;0.686;False;0.000;0;0.000;16;A;False;False
 Cristhian  ;PANTQVFGKWALONXL;PANTQVFGKWAL;0.274;False;0.000;0;0.000;16;L;False;False
 Cristhian  ;PANTQVFGKWALONXL;PANTQVFGKWALO;0.651;False;0.000;0;0.000;16;O;False;False
 Cristhian  ;PANTQVFGKWALONXL;PANTQVFGKWALON;0.375;False;0.000;0;0.000;16;N;False;False
 Cristhian  ;PANTQVFGKWALONXL;PANTQVFGKWALONX;1.017;False;0.000;0;0.000;16;X;False;False
 Cristhian  ;PANTQVFGKWALONXL;PANTQVFGKWALONXL;0.359;False;0.000;0;0.000;16;L;False;False
Cristhian;PANTQVFGKWALONXL;PANTQVFGKWALONXL;0.601;False;0.000;2;14.249;16;;False;True
 Cristhian ;PQINZLFGKWQUVYVNREUS;P;-0.116;False;0.000;0;0.000;20;P;False;False
 Cristhian ;PQINZLFGKWQUVYVNREUS;PQ;0.460;False;0.000;0;0.000;20;Q;False;False
 Cristhian ;PQINZLFGKWQUVYVNREUS;PQI;0.359;False;0.000;0;0.000;20;I;False;False
 Cristhian ;PQINZLFGKWQUVYVNREUS;PQIN;0.572;False;0.000;0;0.000;20;N;False;False
 Cristhian ;PQINZLFGKWQUVYVNREUS;PQINZ;0.238;False;0.000;0;0.000;20;Z;False;False
 Cristhian ;PQINZLFGKWQUVYVNREUS;PQINZL;0.288;False;0.000;0;0.000;20;L;False;False
 Cristhian ;PQINZLFGKWQUVYVNREUS;PQINZLF;0.925;False;0.000;0;0.000;20;F;False;False
 Cristhian ;PQINZLFGKWQUVYVNREUS;PQINZLFG;2.099;False;0.000;0;0.000;20;G;False;False
 Cristhian ;PQINZLFGKWQUVYVNREUS;PQINZLFGK;1.347;False;0.000;0;0.000;20;K;False;False
 Cristhian ;PQINZLFGKWQUVYVNREUS;PQINZLFGKW;1.351;False;0.000;0;0.000;20;W;False;False
 Cristhian ;PQINZLFGKWQUVYVNREUS;PQINZLFGKWQ;2.575;False;0.000;0;0.000;20;Q;False;False
 Cristhian ;PQINZLFGKWQUVYVNREUS;PQINZLFGKWQU;0.844;False;0.000;0;0.000;20;U;False;False
 Cristhian ;PQINZLFGKWQUVYVNREUS;PQINZLFGKWQUV;0.810;False;0.000;0;0.000;20;V;False;False
 Cristhian ;PQINZLFGKWQUVYVNREUS;PQINZLFGKWQUVY;1.398;False;0.000;0;0.000;20;Y;False;False
 Cristhian ;PQINZLFGKWQUVYVNREUS;PQINZLFGKWQUVYV;0.360;False;0.000;0;0.000;20;V;False;False
 Cristhian ;PQINZLFGKWQUVYVNREUS;PQINZLFGKWQUVYVN;0.382;False;0.000;0;0.000;20;N;False;False
 Cristhian ;PQINZLFGKWQUVYVNREUS;PQINZLFGKWQUVYVNR;0.574;False;0.000;0;0.000;20;R;False;False
 Cristhian ;PQINZLFGKWQUVYVNREUS;PQINZLFGKWQUVYVNRE;0.830;False;0.000;0;0.000;20;E;False;False
 Cristhian ;PQINZLFGKWQUVYVNREUS;PQINZLFGKWQUVYVNREU;0.347;False;0.000;0;0.000;20;U;False;False
 Cristhian ;PQINZLFGKWQUVYVNREUS;PQINZLFGKWQUVYVNREUS;0.498;False;0.000;0;0.000;20;S;False;False
Cristhian;PQINZLFGKWQUVYVNREUS;PQINZLFGKWQUVYVNREUS;0.932;False;0.000;3;16.424;20;;False;True
 Cristhian ;MEDESCUAJRINGARE;M;0.741;False;0.000;0;0.000;16;M;False;False
 Cristhian ;MEDESCUAJRINGARE;ME;0.856;False;0.000;0;0.000;16;E;False;False
 Cristhian ;MEDESCUAJRINGARE;MED;0.282;False;0.000;0;0.000;16;D;False;False
 Cristhian ;MEDESCUAJRINGARE;MEDE;0.920;False;0.000;0;0.000;16;E;False;False
 Cristhian ;MEDESCUAJRINGARE;MEDESC;0.778;False;0.000;0;0.000;16;C;False;False
 Cristhian ;MEDESCUAJRINGARE;MEDES;0.780;False;0.000;0;0.000;16;S;False;False
 Cristhian ;MEDESCUAJRINGARE;MEDESCU;0.822;False;0.000;0;0.000;16;U;False;False
 Cristhian ;MEDESCUAJRINGARE;MEDESCUA;0.354;False;0.000;0;0.000;16;A;False;False
 Cristhian ;MEDESCUAJRINGARE;MEDESCUAE;0.281;False;0.000;0;0.000;16;E;True;False
 Cristhian ;MEDESCUAJRINGARE;MEDESCUAJ;1.413;False;0.000;0;0.000;16;J;False;False
 Cristhian ;MEDESCUAJRINGARE;MEDESCUAJE;1.581;False;0.000;0;0.000;16;E;True;False
 Cristhian ;MEDESCUAJRINGARE;MEDESCUAJER;0.299;False;0.000;0;0.000;16;R;True;False
 Cristhian ;MEDESCUAJRINGARE;MEDESCUAJERI;0.407;False;0.000;0;0.000;16;I;True;False
 Cristhian ;MEDESCUAJRINGARE;MEDESCUAJERIN;0.320;False;0.000;0;0.000;16;N;True;False
 Cristhian ;MEDESCUAJRINGARE;MEDESCUAJERING;0.593;False;0.000;0;0.000;16;G;True;False
 Cristhian ;MEDESCUAJRINGARE;MEDESCUAJERINGA;0.509;False;0.000;0;0.000;16;A;True;False
 Cristhian ;MEDESCUAJRINGARE;MEDESCUAJERINGAR;0.339;False;0.000;0;0.000;16;R;True;False
 Cristhian ;MEDESCUAJRINGARE;MEDESCUAJERINGARE;0.460;False;0.000;0;0.000;16;E;True;False
Cristhian;MEDESCUAJRINGARE;MEDESCUAJERINGARE;0.268;True;0.000;3;0.000;16;;False;False
 Cristhian ;MEDESCUAJRINGARE;M;0.408;False;0.000;0;0.000;16;M;False;False
 Cristhian ;MEDESCUAJRINGARE;ME;0.663;False;0.000;0;0.000;16;E;False;False
 Cristhian ;MEDESCUAJRINGARE;MED;0.331;False;0.000;0;0.000;16;D;False;False
 Cristhian ;MEDESCUAJRINGARE;MEDE;0.431;False;0.000;0;0.000;16;E;False;False
 Cristhian ;MEDESCUAJRINGARE;MEDES;0.310;False;0.000;0;0.000;16;S;False;False
 Cristhian ;MEDESCUAJRINGARE;MEDESC;0.382;False;0.000;0;0.000;16;C;False;False
 Cristhian ;MEDESCUAJRINGARE;MEDESCU;0.323;False;0.000;0;0.000;16;U;False;False
 Cristhian ;MEDESCUAJRINGARE;MEDESCUA;0.538;False;0.000;0;0.000;16;A;False;False
 Cristhian ;MEDESCUAJRINGARE;MEDESCUAJ;1.820;False;0.000;0;0.000;16;J;False;False
 Cristhian ;MEDESCUAJRINGARE;MEDESCUAJR;2.128;False;0.000;0;0.000;16;R;False;False
 Cristhian ;MEDESCUAJRINGARE;MEDESCUAJRI;2.195;False;0.000;0;0.000;16;I;False;False
 Cristhian ;MEDESCUAJRINGARE;MEDESCUAJRIN;0.411;False;0.000;0;0.000;16;N;False;False
 Cristhian ;MEDESCUAJRINGARE;MEDESCUAJRING;0.319;False;0.000;0;0.000;16;G;False;False
 Cristhian ;MEDESCUAJRINGARE;MEDESCUAJRINGA;0.333;False;0.000;0;0.000;16;A;False;False
 Cristhian ;MEDESCUAJRINGARE;MEDESCUAJRINGAR;0.316;False;0.000;0;0.000;16;R;False;False
 Cristhian ;MEDESCUAJRINGARE;MEDESCUAJRINGARE;0.458;False;0.000;0;0.000;16;E;False;False
Cristhian;MEDESCUAJRINGARE;MEDESCUAJRINGARE;0.310;False;10.854;4;21.564;16;;False;True
 Cristhian ;MEDESCORAZONARE;M;-0.128;False;0.000;0;0.000;15;M;False;False
 Cristhian ;MEDESCORAZONARE;ME;0.012;False;0.000;0;0.000;15;E;False;False
 Cristhian ;MEDESCORAZONARE;MED;0.229;False;0.000;0;0.000;15;D;False;False
 Cristhian ;MEDESCORAZONARE;MEDE;0.462;False;0.000;0;0.000;15;E;False;False
 Cristhian ;MEDESCORAZONARE;MEDES;0.388;False;0.000;0;0.000;15;S;False;False
 Cristhian ;MEDESCORAZONARE;MEDESC;0.588;False;0.000;0;0.000;15;C;False;False
 Cristhian ;MEDESCORAZONARE;MEDESCI;0.419;False;0.000;0;0.000;15;I;True;False
 Cristhian ;MEDESCORAZONARE;MEDESCIR;0.250;False;0.000;0;0.000;15;R;False;False
 Cristhian ;MEDESCORAZONARE;MEDESCIRA;0.453;False;0.000;0;0.000;15;A;False;False
 Cristhian ;MEDESCORAZONARE;MEDESCO;1.043;False;0.000;0;0.000;15;O;False;False
 Cristhian ;MEDESCORAZONARE;MEDESCOR;0.301;False;0.000;0;0.000;15;R;False;False
 Cristhian ;MEDESCORAZONARE;MEDESCORZ;0.885;False;0.000;0;0.000;15;Z;True;False
 Cristhian ;MEDESCORAZONARE;MEDESCORZO;1.069;False;0.000;0;0.000;15;O;True;False
 Cristhian ;MEDESCORAZONARE;MEDESCORZON;0.412;False;0.000;0;0.000;15;N;True;False
 Cristhian ;MEDESCORAZONARE;MEDESCORZONA;0.369;False;0.000;0;0.000;15;A;True;False
 Cristhian ;MEDESCORAZONARE;MEDESCORZONAL;0.311;False;0.000;0;0.000;15;L;True;False
 Cristhian ;MEDESCORAZONARE;MEDESCORZONALE;0.390;False;0.000;0;0.000;15;E;True;False
 Cristhian ;MEDESCORAZONARE;MEDESCORZONAR;0.735;False;0.000;0;0.000;15;R;True;False
 Cristhian ;MEDESCORAZONARE;MEDESCORZONARE;0.873;False;0.000;0;0.000;15;E;True;False
Cristhian;MEDESCORAZONARE;MEDESCORZONARE;0.599;True;0.000;4;0.000;15;;False;False
 Cristhian ;MEDESCORAZONARE;M;0.041;False;0.000;0;0.000;15;M;False;False
 Cristhian ;MEDESCORAZONARE;ME;0.254;False;0.000;0;0.000;15;E;False;False
 Cristhian ;MEDESCORAZONARE;MED;0.498;False;0.000;0;0.000;15;D;False;False
 Cristhian ;MEDESCORAZONARE;MEDE;0.599;False;0.000;0;0.000;15;E;False;False
 Cristhian ;MEDESCORAZONARE;MEDES;0.343;False;0.000;0;0.000;15;S;False;False
 Cristhian ;MEDESCORAZONARE;MEDESC;0.346;False;0.000;0;0.000;15;C;False;False
 Cristhian ;MEDESCORAZONARE;MEDESCO;0.410;False;0.000;0;0.000;15;O;False;False
 Cristhian ;MEDESCORAZONARE;MEDESCOR;0.317;False;0.000;0;0.000;15;R;False;False
 Cristhian ;MEDESCORAZONARE;MEDESCORA;0.493;False;0.000;0;0.000;15;A;False;False
 Cristhian ;MEDESCORAZONARE;MEDESCORAZ;0.329;False;0.000;0;0.000;15;Z;False;False
 Cristhian ;MEDESCORAZONARE;MEDESCORAZO;0.249;False;0.000;0;0.000;15;O;False;False
 Cristhian ;MEDESCORAZONARE;MEDESCORAZON;0.249;False;0.000;0;0.000;15;N;False;False
 Cristhian ;MEDESCORAZONARE;MEDESCORAZONA;0.390;False;0.000;0;0.000;15;A;False;False
 Cristhian ;MEDESCORAZONARE;MEDESCORAZONAR;0.331;False;0.000;0;0.000;15;R;False;False
 Cristhian ;MEDESCORAZONARE;MEDESCORAZONARE;0.330;False;0.000;0;0.000;15;E;False;False
Cristhian;MEDESCORAZONARE;MEDESCORAZONARE;0.261;False;6.064;5;14.554;15;;False;True
 Cristhian ;MIMIMIMIMIMI;M;0.155;False;0.000;0;0.000;12;M;False;False
 Cristhian ;MIMIMIMIMIMI;MI;0.265;False;0.000;0;0.000;12;I;False;False
 Cristhian ;MIMIMIMIMIMI;MIM;0.330;False;0.000;0;0.000;12;M;False;False
 Cristhian ;MIMIMIMIMIMI;MIMI;0.337;False;0.000;0;0.000;12;I;False;False
 Cristhian ;MIMIMIMIMIMI;MIMIM;5.761;False;0.000;0;0.000;12;M;False;False
 Cristhian ;MIMIMIMIMIMI;MIMIMI;5.657;False;0.000;0;0.000;12;I;False;False
 Cristhian ;MIMIMIMIMIMI;MIMIMIM;5.658;False;0.000;0;0.000;12;M;False;False
 Cristhian ;MIMIMIMIMIMI;MIMIMIMI;5.661;False;0.000;0;0.000;12;I;False;False
 Cristhian ;MIMIMIMIMIMI;MIMIMIMIM;5.662;False;0.000;0;0.000;12;M;False;False
 Cristhian ;MIMIMIMIMIMI;MIMIMIMIMI;5.664;False;0.000;0;0.000;12;I;False;False
 Cristhian ;MIMIMIMIMIMI;MIMIMIMIMIM;5.877;False;0.000;0;0.000;12;M;False;False
 Cristhian ;MIMIMIMIMIMI;MIMIMIMIMIMI;5.879;False;0.000;0;0.000;12;I;False;False
Cristhian;MIMIMIMIMIMI;MIMIMIMIMIMI;2.008;False;0.000;6;10.376;12;;False;True
 Cristhian ;QWMNZPBXJJBXBJX;Q;-0.085;False;0.000;0;0.000;15;Q;False;False
 Cristhian ;QWMNZPBXJJBXBJX;QW;0.420;False;0.000;0;0.000;15;W;False;False
 Cristhian ;QWMNZPBXJJBXBJX;QWM;1.373;False;0.000;0;0.000;15;M;False;False
 Cristhian ;QWMNZPBXJJBXBJX;QWMN;1.482;False;0.000;0;0.000;15;N;False;False
 Cristhian ;QWMNZPBXJJBXBJX;QWMNZ;0.320;False;0.000;0;0.000;15;Z;False;False
 Cristhian ;QWMNZPBXJJBXBJX;QWMNZP;0.337;False;0.000;0;0.000;15;P;False;False
 Cristhian ;QWMNZPBXJJBXBJX;QWMNZPV;0.543;False;0.000;0;0.000;15;V;True;False
 Cristhian ;QWMNZPBXJJBXBJX;QWMNZPB;0.761;False;0.000;0;0.000;15;B;False;False
 Cristhian ;QWMNZPBXJJBXBJX;QWMNZPBX;1.081;False;0.000;0;0.000;15;X;False;False
 Cristhian ;QWMNZPBXJJBXBJX;QWMNZPBXJ;1.363;False;0.000;0;0.000;15;J;False;False
 Cristhian ;QWMNZPBXJJBXBJX;QWMNZPBXJJ;0.891;False;0.000;0;0.000;15;J;False;False
 Cristhian ;QWMNZPBXJJBXBJX;QWMNZPBXJJB;1.411;False;0.000;0;0.000;15;B;False;False
 Cristhian ;QWMNZPBXJJBXBJX;QWMNZPBXJJBX;1.373;False;0.000;0;0.000;15;X;False;False
 Cristhian ;QWMNZPBXJJBXBJX;QWMNZPBXJJBXB;1.192;False;0.000;0;0.000;15;B;False;False
 Cristhian ;QWMNZPBXJJBXBJX;QWMNZPBXJJBXBJ;1.373;False;0.000;0;0.000;15;J;False;False
 Cristhian ;QWMNZPBXJJBXBJX;QWMNZPBXJJBXBJX;0.852;False;0.000;0;0.000;15;X;False;False
Cristhian;QWMNZPBXJJBXBJX;QWMNZPBXJJBXBJX;0.551;False;0.000;7;15.193;15;;False;True
 Cristhian ;PZKOFTLILILILI;P;0.483;False;0.000;0;0.000;14;P;False;False
 Cristhian ;PZKOFTLILILILI;PZ;0.666;False;0.000;0;0.000;14;Z;False;False
 Cristhian ;PZKOFTLILILILI;PZK;1.664;False;0.000;0;0.000;14;K;False;False
 Cristhian ;PZKOFTLILILILI;PZKO;0.477;False;0.000;0;0.000;14;O;False;False
 Cristhian ;PZKOFTLILILILI;PZKOF;0.511;False;0.000;0;0.000;14;F;False;False
 Cristhian ;PZKOFTLILILILI;PZKOFT;0.481;False;0.000;0;0.000;14;T;False;False
 Cristhian ;PZKOFTLILILILI;PZKOFTL;0.468;False;0.000;0;0.000;14;L;False;False
 Cristhian ;PZKOFTLILILILI;PZKOFTLI;0.271;False;0.000;0;0.000;14;I;False;False
 Cristhian ;PZKOFTLILILILI;PZKOFTLIL;0.551;False;0.000;0;0.000;14;L;False;False
 Cristhian ;PZKOFTLILILILI;PZKOFTLILI;0.449;False;0.000;0;0.000;14;I;False;False
 Cristhian ;PZKOFTLILILILI;PZKOFTLILIL;0.272;False;0.000;0;0.000;14;L;False;False
 Cristhian ;PZKOFTLILILILI;PZKOFTLILILI;0.437;False;0.000;0;0.000;14;I;False;False
 Cristhian ;PZKOFTLILILILI;PZKOFTLILILIL;0.314;False;0.000;0;0.000;14;L;False;False
 Cristhian ;PZKOFTLILILILI;PZKOFTLILILILI;0.523;False;0.000;0;0.000;14;I;False;False
Cristhian;PZKOFTLILILILI;PZKOFTLILILILI;0.410;False;0.000;8;8.296;14;;False;True
 Cristhian ;PELIFUGUKYWYAGUDO;P;-0.193;False;0.000;0;0.000;17;P;False;False
 Cristhian ;PELIFUGUKYWYAGUDO;PE;0.037;False;0.000;0;0.000;17;E;False;False
 Cristhian ;PELIFUGUKYWYAGUDO;PEL;0.409;False;0.000;0;0.000;17;L;False;False
 Cristhian ;PELIFUGUKYWYAGUDO;PELI;0.390;False;0.000;0;0.000;17;I;False;False
 Cristhian ;PELIFUGUKYWYAGUDO;PELIA;0.491;False;0.000;0;0.000;17;A;True;False
 Cristhian ;PELIFUGUKYWYAGUDO;PELIAG;0.310;False;0.000;0;0.000;17;G;True;False
 Cristhian ;PELIFUGUKYWYAGUDO;PELIAGU;0.450;False;0.000;0;0.000;17;U;True;False
 Cristhian ;PELIFUGUKYWYAGUDO;PELIAGUD;0.237;False;0.000;0;0.000;17;D;True;False
 Cristhian ;PELIFUGUKYWYAGUDO;PELIAGUDO;0.479;False;0.000;0;0.000;17;O;True;False
 Cristhian ;PELIFUGUKYWYAGUDO;PELIF;3.980;False;0.000;0;0.000;17;F;False;False
 Cristhian ;PELIFUGUKYWYAGUDO;PELIFU;4.180;False;0.000;0;0.000;17;U;False;False
 Cristhian ;PELIFUGUKYWYAGUDO;PELIFUG;0.780;False;0.000;0;0.000;17;G;False;False
 Cristhian ;PELIFUGUKYWYAGUDO;PELIFUGU;0.962;False;0.000;0;0.000;17;U;False;False
 Cristhian ;PELIFUGUKYWYAGUDO;PELIFUGUK;0.670;False;0.000;0;0.000;17;K;False;False
 Cristhian ;PELIFUGUKYWYAGUDO;PELIFUGUKY;0.992;False;0.000;0;0.000;17;Y;False;False
 Cristhian ;PELIFUGUKYWYAGUDO;PELIFUGUKYW;0.304;False;0.000;0;0.000;17;W;False;False
 Cristhian ;PELIFUGUKYWYAGUDO;PELIFUGUKYWY;0.426;False;0.000;0;0.000;17;Y;False;False
 Cristhian ;PELIFUGUKYWYAGUDO;PELIFUGUKYWYA;1.019;False;0.000;0;0.000;17;A;False;False
 Cristhian ;PELIFUGUKYWYAGUDO;PELIFUGUKYWYAG;0.532;False;0.000;0;0.000;17;G;False;False
 Cristhian ;PELIFUGUKYWYAGUDO;PELIFUGUKYWYAGU;0.613;False;0.000;0;0.000;17;U;False;False
 Cristhian ;PELIFUGUKYWYAGUDO;PELIFUGUKYWYAGUD;0.239;False;0.000;0;0.000;17;D;False;False
 Cristhian ;PELIFUGUKYWYAGUDO;PELIFUGUKYWYAGUDO;0.381;False;0.000;0;0.000;17;O;False;False
Cristhian;PELIFUGUKYWYAGUDO;PELIFUGUKYWYAGUDO;0.742;False;0.000;9;13.985;17;;False;True
 Cristhian ;ZIZIZIHIZIZHIHIHI;Z;0.235;False;0.000;0;0.000;17;Z;False;False
 Cristhian ;ZIZIZIHIZIZHIHIHI;ZU;0.289;False;0.000;0;0.000;17;U;True;False
 Cristhian ;ZIZIZIHIZIZHIHIHI;ZUZ;0.515;False;0.000;0;0.000;17;Z;False;False
 Cristhian ;ZIZIZIHIZIZHIHIHI;ZI;0.895;False;0.000;0;0.000;17;I;False;False
 Cristhian ;ZIZIZIHIZIZHIHIHI;ZIZ;1.045;False;0.000;0;0.000;17;Z;False;False
 Cristhian ;ZIZIZIHIZIZHIHIHI;ZIZI;0.781;False;0.000;0;0.000;17;I;False;False
 Cristhian ;ZIZIZIHIZIZHIHIHI;ZIZIZ;0.773;False;0.000;0;0.000;17;Z;False;False
 Cristhian ;ZIZIZIHIZIZHIHIHI;ZIZIZI;0.332;False;0.000;0;0.000;17;I;False;False
 Cristhian ;ZIZIZIHIZIZHIHIHI;ZIZIZIH;0.578;False;0.000;0;0.000;17;H;False;False
 Cristhian ;ZIZIZIHIZIZHIHIHI;ZIZIZIHI;0.769;False;0.000;0;0.000;17;I;False;False
 Cristhian ;ZIZIZIHIZIZHIHIHI;ZIZIZIHIZ;0.460;False;0.000;0;0.000;17;Z;False;False
 Cristhian ;ZIZIZIHIZIZHIHIHI;ZIZIZIHIZI;0.588;False;0.000;0;0.000;17;I;False;False
 Cristhian ;ZIZIZIHIZIZHIHIHI;ZIZIZIHIZIZ;0.348;False;0.000;0;0.000;17;Z;False;False
 Cristhian ;ZIZIZIHIZIZHIHIHI;ZIZIZIHIZIZH;0.439;False;0.000;0;0.000;17;H;False;False
 Cristhian ;ZIZIZIHIZIZHIHIHI;ZIZIZIHIZIZHI;0.548;False;0.000;0;0.000;17;I;False;False
 Cristhian ;ZIZIZIHIZIZHIHIHI;ZIZIZIHIZIZHIH;0.212;False;0.000;0;0.000;17;H;False;False
 Cristhian ;ZIZIZIHIZIZHIHIHI;ZIZIZIHIZIZHIHI;0.201;False;0.000;0;0.000;17;I;False;False
 Cristhian ;ZIZIZIHIZIZHIHIHI;ZIZIZIHIZIZHIHIH;0.313;False;0.000;0;0.000;17;H;False;False
 Cristhian ;ZIZIZIHIZIZHIHIHI;ZIZIZIHIZIZHIHIHI;0.418;False;0.000;0;0.000;17;I;False;False
Cristhian;ZIZIZIHIZIZHIHIHI;ZIZIZIHIZIZHIHIHI;0.354;False;0.000;10;8.698;17;;False;True
 Cristhian ;DIMEFGKWYQVOUNSION;D;0.520;False;0.000;0;0.000;18;D;False;False
 Cristhian ;DIMEFGKWYQVOUNSION;DI;0.539;False;0.000;0;0.000;18;I;False;False
 Cristhian ;DIMEFGKWYQVOUNSION;DIM;0.842;False;0.000;0;0.000;18;M;False;False
 Cristhian ;DIMEFGKWYQVOUNSION;DIME;0.942;False;0.000;0;0.000;18;E;False;False
 Cristhian ;DIMEFGKWYQVOUNSION;DIMEF;0.721;False;0.000;0;0.000;18;F;False;False
 Cristhian ;DIMEFGKWYQVOUNSION;DIMEFG;0.440;False;0.000;0;0.000;18;G;False;False
 Cristhian ;DIMEFGKWYQVOUNSION;DIMEFGK;0.810;False;0.000;0;0.000;18;K;False;False
 Cristhian ;DIMEFGKWYQVOUNSION;DIMEFGKW;0.259;False;0.000;0;0.000;18;W;False;False
 Cristhian ;DIMEFGKWYQVOUNSION;DIMEFGKWY;1.092;False;0.000;0;0.000;18;Y;False;False
 Cristhian ;DIMEFGKWYQVOUNSION;DIMEFGKWYQ;0.547;False;0.000;0;0.000;18;Q;False;False
 Cristhian ;DIMEFGKWYQVOUNSION;DIMEFGKWYQV;2.240;False;0.000;0;0.000;18;V;False;False
 Cristhian ;DIMEFGKWYQVOUNSION;DIMEFGKWYQVO;0.408;False;0.000;0;0.000;18;O;False;False
 Cristhian ;DIMEFGKWYQVOUNSION;DIMEFGKWYQVOU;0.361;False;0.000;0;0.000;18;U;False;False
 Cristhian ;DIMEFGKWYQVOUNSION;DIMEFGKWYQVOUN;1.330;False;0.000;0;0.000;18;N;False;False
 Cristhian ;DIMEFGKWYQVOUNSION;DIMEFGKWYQVOUNS;0.255;False;0.000;0;0.000;18;S;False;False
 Cristhian ;DIMEFGKWYQVOUNSION;DIMEFGKWYQVOUNSI;0.365;False;0.000;0;0.000;18;I;False;False
 Cristhian ;DIMEFGKWYQVOUNSION;DIMEFGKWYQVOUNSIO;0.472;False;0.000;0;0.000;18;O;False;False
 Cristhian ;DIMEFGKWYQVOUNSION;DIMEFGKWYQVOUNSION;0.259;False;0.000;0;0.000;18;N;False;False
Cristhian;DIMEFGKWYQVOUNSION;DIMEFGKWYQVOUNSION;0.311;False;0.000;11;12.312;18;;False;True
 Cristhian ;CORRECCION;C;-0.085;False;0.000;0;0.000;10;C;False;False
 Cristhian ;CORRECCION;CO;0.075;False;0.000;0;0.000;10;O;False;False
 Cristhian ;CORRECCION;COR;0.359;False;0.000;0;0.000;10;R;False;False
 Cristhian ;CORRECCION;CORR;0.320;False;0.000;0;0.000;10;R;False;False
 Cristhian ;CORRECCION;CORRE;0.300;False;0.000;0;0.000;10;E;False;False
 Cristhian ;CORRECCION;CORREC;0.349;False;0.000;0;0.000;10;C;False;False
 Cristhian ;CORRECCION;CORRECC;0.521;False;0.000;0;0.000;10;C;False;False
 Cristhian ;CORRECCION;CORRECCI;0.359;False;0.000;0;0.000;10;I;False;False
 Cristhian ;CORRECCION;CORRECCIO;0.299;False;0.000;0;0.000;10;O;False;False
 Cristhian ;CORRECCION;CORRECCION;0.270;False;0.000;0;0.000;10;N;False;False
Cristhian;CORRECCION;CORRECCION;0.381;False;0.000;12;4.003;10;;False;True
 Cristhian ;PASIONKWBAP;P;-0.243;False;0.000;0;0.000;11;P;False;False
 Cristhian ;PASIONKWBAP;PA;-0.073;False;0.000;0;0.000;11;A;False;False
 Cristhian ;PASIONKWBAP;PAS;0.400;False;0.000;0;0.000;11;S;False;False
 Cristhian ;PASIONKWBAP;PASI;0.330;False;0.000;0;0.000;11;I;False;False
 Cristhian ;PASIONKWBAP;PASIO;0.239;False;0.000;0;0.000;11;O;False;False
 Cristhian ;PASIONKWBAP;PASION;0.236;False;0.000;0;0.000;11;N;False;False
 Cristhian ;PASIONKWBAP;PASIONK;0.885;False;0.000;0;0.000;11;K;False;False
 Cristhian ;PASIONKWBAP;PASIONKW;0.261;False;0.000;0;0.000;11;W;False;False
 Cristhian ;PASIONKWBAP;PASIONKWB;0.651;False;0.000;0;0.000;11;B;False;False
 Cristhian ;PASIONKWBAP;PASIONKWBA;0.801;False;0.000;0;0.000;11;A;False;False
 Cristhian ;PASIONKWBAP;PASIONKWBAP;0.301;False;0.000;0;0.000;11;P;False;False
Cristhian;PASIONKWBAP;PASIONKWBAP;0.333;False;0.000;13;4.699;11;;False;True
 Cristhian ;PRESLYEMNKYGION;P;-0.097;False;0.000;0;0.000;15;P;False;False
 Cristhian ;PRESLYEMNKYGION;PR;0.081;False;0.000;0;0.000;15;R;False;False
 Cristhian ;PRESLYEMNKYGION;PRE;0.328;False;0.000;0;0.000;15;E;False;False
 Cristhian ;PRESLYEMNKYGION;PRES;0.238;False;0.000;0;0.000;15;S;False;False
 Cristhian ;PRESLYEMNKYGION;PRESL;0.491;False;0.000;0;0.000;15;L;False;False
 Cristhian ;PRESLYEMNKYGION;PRESLY;0.559;False;0.000;0;0.000;15;Y;False;False
 Cristhian ;PRESLYEMNKYGION;PRESLYE;0.620;False;0.000;0;0.000;15;E;False;False
 Cristhian ;PRESLYEMNKYGION;PRESLYEM;0.391;False;0.000;0;0.000;15;M;False;False
 Cristhian ;PRESLYEMNKYGION;PRESLYEMN;0.284;False;0.000;0;0.000;15;N;False;False
 Cristhian ;PRESLYEMNKYGION;PRESLYEMNK;1.248;False;0.000;0;0.000;15;K;False;False
 Cristhian ;PRESLYEMNKYGION;PRESLYEMNKY;0.430;False;0.000;0;0.000;15;Y;False;False
 Cristhian ;PRESLYEMNKYGION;PRESLYEMNKYG;1.002;False;0.000;0;0.000;15;G;False;False
 Cristhian ;PRESLYEMNKYGION;PRESLYEMNKYGI;1.145;False;0.000;0;0.000;15;I;False;False
 Cristhian ;PRESLYEMNKYGION;PRESLYEMNKYGIO;1.232;False;0.000;0;0.000;15;O;False;False
 Cristhian ;PRESLYEMNKYGION;PRESLYEMNKYGION;0.266;False;0.000;0;0.000;15;N;False;False
Cristhian;PRESLYEMNKYGION;PRESLYEMNKYGION;0.401;False;0.000;14;8.048;15;;False;True
 Cristhian ;PRECISION;P;-0.173;False;0.000;0;0.000;9;P;False;False
 Cristhian ;PRECISION;PR;-0.066;False;0.000;0;0.000;9;R;False;False
 Cristhian ;PRECISION;PRE;0.067;False;0.000;0;0.000;9;E;False;False
 Cristhian ;PRECISION;PREC;0.410;False;0.000;0;0.000;9;C;False;False
 Cristhian ;PRECISION;PRECI;0.560;False;0.000;0;0.000;9;I;False;False
 Cristhian ;PRECISION;PRECIS;0.429;False;0.000;0;0.000;9;S;False;False
 Cristhian ;PRECISION;PRECISI;0.592;False;0.000;0;0.000;9;I;False;False
 Cristhian ;PRECISION;PRECISIO;0.650;False;0.000;0;0.000;9;O;False;False
 Cristhian ;PRECISION;PRECISION;0.254;False;0.000;0;0.000;9;N;False;False
Cristhian;PRECISION;PRECISION;0.341;False;0.000;15;3.527;9;;False;True
 Cristhian ;PRIVACION;P;-0.122;False;0.000;0;0.000;9;P;False;False
 Cristhian ;PRIVACION;PR;0.051;False;0.000;0;0.000;9;R;False;False
 Cristhian ;PRIVACION;PRI;0.333;False;0.000;0;0.000;9;I;False;False
 Cristhian ;PRIVACION;PRIV;0.340;False;0.000;0;0.000;9;V;False;False
 Cristhian ;PRIVACION;PRIVA;0.245;False;0.000;0;0.000;9;A;False;False
 Cristhian ;PRIVACION;PRIVAC;0.470;False;0.000;0;0.000;9;C;False;False
 Cristhian ;PRIVACION;PRIVACI;0.408;False;0.000;0;0.000;9;I;False;False
 Cristhian ;PRIVACION;PRIVACIO;0.260;False;0.000;0;0.000;9;O;False;False
 Cristhian ;PRIVACION;PRIVACION;0.410;False;0.000;0;0.000;9;N;False;False
Cristhian;PRIVACION;PRIVACION;0.361;False;0.000;16;3.447;9;;False;True
 Cristhian ;TRADICION;T;-0.176;False;0.000;0;0.000;9;T;False;False
 Cristhian ;TRADICION;TR;-0.035;False;0.000;0;0.000;9;R;False;False
 Cristhian ;TRADICION;TRA;0.226;False;0.000;0;0.000;9;A;False;False
 Cristhian ;TRADICION;TRAD;0.270;False;0.000;0;0.000;9;D;False;False
 Cristhian ;TRADICION;TRADI;0.370;False;0.000;0;0.000;9;I;False;False
 Cristhian ;TRADICION;TRADIC;0.340;False;0.000;0;0.000;9;C;False;False
 Cristhian ;TRADICION;TRADICI;0.460;False;0.000;0;0.000;9;I;False;False
 Cristhian ;TRADICION;TRADICIO;0.339;False;0.000;0;0.000;9;O;False;False
 Cristhian ;TRADICION;TRADICION;0.325;False;0.000;0;0.000;9;N;False;False
Cristhian;TRADICION;TRADICION;0.365;False;0.000;17;3.516;9;;False;True
 Cristhian ;TENSIONJBJBPDWHBNLK;T;-0.104;False;0.000;0;0.000;19;T;False;False
 Cristhian ;TENSIONJBJBPDWHBNLK;TE;0.042;False;0.000;0;0.000;19;E;False;False
 Cristhian ;TENSIONJBJBPDWHBNLK;TEN;0.325;False;0.000;0;0.000;19;N;False;False
 Cristhian ;TENSIONJBJBPDWHBNLK;TENS;0.389;False;0.000;0;0.000;19;S;False;False
 Cristhian ;TENSIONJBJBPDWHBNLK;TENSI;0.420;False;0.000;0;0.000;19;I;False;False
 Cristhian ;TENSIONJBJBPDWHBNLK;TENSIO;0.240;False;0.000;0;0.000;19;O;False;False
 Cristhian ;TENSIONJBJBPDWHBNLK;TENSIOI;0.314;False;0.000;0;0.000;19;I;True;False
 Cristhian ;TENSIONJBJBPDWHBNLK;TENSIOIN;0.365;False;0.000;0;0.000;19;N;True;False
 Cristhian ;TENSIONJBJBPDWHBNLK;TENSION;1.245;False;0.000;0;0.000;19;N;False;False
 Cristhian ;TENSIONJBJBPDWHBNLK;TENSIONJ;1.644;False;0.000;0;0.000;19;J;False;False
 Cristhian ;TENSIONJBJBPDWHBNLK;TENSIONJB;1.752;False;0.000;0;0.000;19;B;False;False
 Cristhian ;TENSIONJBJBPDWHBNLK;TENSIONJBJ;0.305;False;0.000;0;0.000;19;J;False;False
 Cristhian ;TENSIONJBJBPDWHBNLK;TENSIONJBJB;0.289;False;0.000;0;0.000;19;B;False;False
 Cristhian ;TENSIONJBJBPDWHBNLK;TENSIONJBJBP;0.826;False;0.000;0;0.000;19;P;False;False
 Cristhian ;TENSIONJBJBPDWHBNLK;TENSIONJBJBPD;0.432;False;0.000;0;0.000;19;D;False;False
 Cristhian ;TENSIONJBJBPDWHBNLK;TENSIONJBJBPDW;0.831;False;0.000;0;0.000;19;W;False;False
 Cristhian ;TENSIONJBJBPDWHBNLK;TENSIONJBJBPDWH;0.498;False;0.000;0;0.000;19;H;False;False
 Cristhian ;TENSIONJBJBPDWHBNLK;TENSIONJBJBPDWHB;1.492;False;0.000;0;0.000;19;B;False;False
 Cristhian ;TENSIONJBJBPDWHBNLK;TENSIONJBJBPDWHBN;0.273;False;0.000;0;0.000;19;N;False;False
 Cristhian ;TENSIONJBJBPDWHBNLK;TENSIONJBJBPDWHBNL;0.457;False;0.000;0;0.000;19;L;False;False
 Cristhian ;TENSIONJBJBPDWHBNLK;TENSIONJBJBPDWHBNLK;1.065;False;0.000;0;0.000;19;K;False;False
Cristhian;TENSIONJBJBPDWHBNLK;TENSIONJBJBPDWHBNLK;0.348;False;0.000;18;12.651;19;;False;True
 Cristhian ;COMPOSICION;C;-0.011;False;0.000;0;0.000;11;C;False;False
 Cristhian ;COMPOSICION;CO;0.234;False;0.000;0;0.000;11;O;False;False
 Cristhian ;COMPOSICION;COM;0.440;False;0.000;0;0.000;11;M;False;False
 Cristhian ;COMPOSICION;COMP;0.274;False;0.000;0;0.000;11;P;False;False
 Cristhian ;COMPOSICION;COMPO;0.480;False;0.000;0;0.000;11;O;False;False
 Cristhian ;COMPOSICION;COMPOS;0.376;False;0.000;0;0.000;11;S;False;False
 Cristhian ;COMPOSICION;COMPOSI;0.369;False;0.000;0;0.000;11;I;False;False
 Cristhian ;COMPOSICION;COMPOSIC;0.373;False;0.000;0;0.000;11;C;False;False
 Cristhian ;COMPOSICION;COMPOSICI;0.294;False;0.000;0;0.000;11;I;False;False
 Cristhian ;COMPOSICION;COMPOSICIO;0.398;False;0.000;0;0.000;11;O;False;False
 Cristhian ;COMPOSICION;COMPOSICION;0.300;False;0.000;0;0.000;11;N;False;False
Cristhian;COMPOSICION;COMPOSICION;0.383;False;0.000;19;4.084;11;;False;True
 Cristhian ;COMPRENSION;P;-0.140;False;0.000;0;0.000;11;P;True;False
 Cristhian ;COMPRENSION;C;0.600;False;0.000;0;0.000;11;C;False;False
 Cristhian ;COMPRENSION;CO;0.805;False;0.000;0;0.000;11;O;False;False
 Cristhian ;COMPRENSION;COM;0.430;False;0.000;0;0.000;11;M;False;False
 Cristhian ;COMPRENSION;COMP;0.331;False;0.000;0;0.000;11;P;False;False
 Cristhian ;COMPRENSION;COMPR;0.290;False;0.000;0;0.000;11;R;False;False
 Cristhian ;COMPRENSION;COMPRE;0.350;False;0.000;0;0.000;11;E;False;False
 Cristhian ;COMPRENSION;COMPREN;0.260;False;0.000;0;0.000;11;N;False;False
 Cristhian ;COMPRENSION;COMPRENS;0.300;False;0.000;0;0.000;11;S;False;False
 Cristhian ;COMPRENSION;COMPRENSI;0.450;False;0.000;0;0.000;11;I;False;False
 Cristhian ;COMPRENSION;COMPRENSIO;0.249;False;0.000;0;0.000;11;O;False;False
 Cristhian ;COMPRENSION;COMPRENSION;0.356;False;0.000;0;0.000;11;N;False;False
Cristhian;COMPRENSION;COMPRENSION;0.406;False;0.000;19;0.000;11;;False;False
 Jesus ;ZANAHORIABAJA;Z;-0.689;False;0.000;0;0.000;13;Z;False;False
 Jesus ;ZANAHORIABAJA;ZA;0.357;False;0.000;0;0.000;13;A;False;False
 Jesus ;ZANAHORIABAJA;ZAN;0.483;False;0.000;0;0.000;13;N;False;False
 Jesus ;ZANAHORIABAJA;ZANA;0.497;False;0.000;0;0.000;13;A;False;False
 Jesus ;ZANAHORIABAJA;ZANAH;0.597;False;0.000;0;0.000;13;H;False;False
 Jesus ;ZANAHORIABAJA;ZANAHO;0.217;False;0.000;0;0.000;13;O;False;False
 Jesus ;ZANAHORIABAJA;ZANAHOR;0.501;False;0.000;0;0.000;13;R;False;False
 Jesus ;ZANAHORIABAJA;ZANAHORI;0.291;False;0.000;0;0.000;13;I;False;False
 Jesus ;ZANAHORIABAJA;ZANAHORIA;0.388;False;0.000;0;0.000;13;A;False;False
Jesus;ZANAHORIABAJA;ZANAHORIA;0.202;True;0.000;0;0.000;13;;False;False
 Jesus ;ZANAHORIABAJA;Z;-1.088;False;0.000;0;0.000;13;Z;False;False
 Jesus ;ZANAHORIABAJA;ZA;-0.830;False;0.000;0;0.000;13;A;False;False
 Jesus ;ZANAHORIABAJA;ZAN;0.307;False;0.000;0;0.000;13;N;False;False
 Jesus ;ZANAHORIABAJA;ZANA;0.509;False;0.000;0;0.000;13;A;False;False
 Jesus ;ZANAHORIABAJA;ZANAH;0.271;False;0.000;0;0.000;13;H;False;False
 Jesus ;ZANAHORIABAJA;ZANAHO;0.579;False;0.000;0;0.000;13;O;False;False
 Jesus ;ZANAHORIABAJA;ZANAHOR;0.704;False;0.000;0;0.000;13;R;False;False
 Jesus ;ZANAHORIABAJA;ZANAHORI;0.734;False;0.000;0;0.000;13;I;False;False
 Jesus ;ZANAHORIABAJA;ZANAHORIA;0.360;False;0.000;0;0.000;13;A;False;False
 Jesus ;ZANAHORIABAJA;ZANAHORIAB;0.551;False;0.000;0;0.000;13;B;False;False
 Jesus ;ZANAHORIABAJA;ZANAHORIABA;0.767;False;0.000;0;0.000;13;A;False;False
 Jesus ;ZANAHORIABAJA;ZANAHORIABAJ;0.278;False;0.000;0;0.000;13;J;False;False
 Jesus ;ZANAHORIABAJA;ZANAHORIABAJA;0.381;False;0.000;0;0.000;13;A;False;False
Jesus;ZANAHORIABAJA;ZANAHORIABAJA;0.282;False;4.412;1;8.802;13;;False;True
 Jesus ;PANTQVFGKWALONXL;P;-1.032;False;0.000;0;0.000;16;P;False;False
 Jesus ;PANTQVFGKWALONXL;PA;-0.916;False;0.000;0;0.000;16;A;False;False
 Jesus ;PANTQVFGKWALONXL;PAN;0.157;False;0.000;0;0.000;16;N;False;False
 Jesus ;PANTQVFGKWALONXL;PANT;0.477;False;0.000;0;0.000;16;T;False;False
 Jesus ;PANTQVFGKWALONXL;PANTQ;0.372;False;0.000;0;0.000;16;Q;False;False
 Jesus ;PANTQVFGKWALONXL;PANTQV;1.215;False;0.000;0;0.000;16;V;False;False
 Jesus ;PANTQVFGKWALONXL;PANTQVF;1.088;False;0.000;0;0.000;16;F;False;False
 Jesus ;PANTQVFGKWALONXL;PANTQVFG;0.490;False;0.000;0;0.000;16;G;False;False
 Jesus ;PANTQVFGKWALONXL;PANTQVFGK;0.675;False;0.000;0;0.000;16;K;False;False
 Jesus ;PANTQVFGKWALONXL;PANTQVFGKW;0.354;False;0.000;0;0.000;16;W;False;False
 Jesus ;PANTQVFGKWALONXL;PANTQVFGKWA;0.383;False;0.000;0;0.000;16;A;False;False
 Jesus ;PANTQVFGKWALONXL;PANTQVFGKWAL;0.587;False;0.000;0;0.000;16;L;False;False
 Jesus ;PANTQVFGKWALONXL;PANTQVFGKWALO;0.201;False;0.000;0;0.000;16;O;False;False
 Jesus ;PANTQVFGKWALONXL;PANTQVFGKWALON;0.379;False;0.000;0;0.000;16;N;False;False
 Jesus ;PANTQVFGKWALONXL;PANTQVFGKWALONX;0.378;False;0.000;0;0.000;16;X;False;False
 Jesus ;PANTQVFGKWALONXL;PANTQVFGKWALONXL;0.621;False;0.000;0;0.000;16;L;False;False
Jesus;PANTQVFGKWALONXL;PANTQVFGKWALONXL;0.263;False;0.000;2;8.385;16;;False;True
 Jesus ;PQINZLFGKWQUVYVNREUS;P;-0.951;False;0.000;0;0.000;20;P;False;False
 Jesus ;PQINZLFGKWQUVYVNREUS;PQ;-0.828;False;0.000;0;0.000;20;Q;False;False
 Jesus ;PQINZLFGKWQUVYVNREUS;PQI;0.694;False;0.000;0;0.000;20;I;False;False
 Jesus ;PQINZLFGKWQUVYVNREUS;PQIN;0.200;False;0.000;0;0.000;20;N;False;False
 Jesus ;PQINZLFGKWQUVYVNREUS;PQINZ;0.450;False;0.000;0;0.000;20;Z;False;False
 Jesus ;PQINZLFGKWQUVYVNREUS;PQINZL;0.419;False;0.000;0;0.000;20;L;False;False
 Jesus ;PQINZLFGKWQUVYVNREUS;PQINZLF;0.791;False;0.000;0;0.000;20;F;False;False
 Jesus ;PQINZLFGKWQUVYVNREUS;PQINZLFG;0.416;False;0.000;0;0.000;20;G;False;False
 Jesus ;PQINZLFGKWQUVYVNREUS;PQINZLFGK;0.693;False;0.000;0;0.000;20;K;False;False
 Jesus ;PQINZLFGKWQUVYVNREUS;PQINZLFGKW;0.650;False;0.000;0;0.000;20;W;False;False
 Jesus ;PQINZLFGKWQUVYVNREUS;PQINZLFGKWQ;0.395;False;0.000;0;0.000;20;Q;False;False
 Jesus ;PQINZLFGKWQUVYVNREUS;PQINZLFGKWQU;0.679;False;0.000;0;0.000;20;U;False;False
 Jesus ;PQINZLFGKWQUVYVNREUS;PQINZLFGKWQUV;0.877;False;0.000;0;0.000;20;V;False;False
 Jesus ;PQINZLFGKWQUVYVNREUS;PQINZLFGKWQUVY;0.865;False;0.000;0;0.000;20;Y;False;False
 Jesus ;PQINZLFGKWQUVYVNREUS;PQINZLFGKWQUVYV;0.411;False;0.000;0;0.000;20;V;False;False
 Jesus ;PQINZLFGKWQUVYVNREUS;PQINZLFGKWQUVYVN;0.940;False;0.000;0;0.000;20;N;False;False
 Jesus ;PQINZLFGKWQUVYVNREUS;PQINZLFGKWQUVYVNR;1.189;False;0.000;0;0.000;20;R;False;False
 Jesus ;PQINZLFGKWQUVYVNREUS;PQINZLFGKWQUVYVNRE;0.264;False;0.000;0;0.000;20;E;False;False
 Jesus ;PQINZLFGKWQUVYVNREUS;PQINZLFGKWQUVYVNREUS;0.435;False;0.000;0;0.000;20;S;False;False
 Jesus ;PQINZLFGKWQUVYVNREUS;PQINZLFGKWQUVYVNREU;0.437;False;0.000;0;0.000;20;U;False;False
Jesus;PQINZLFGKWQUVYVNREUS;PQINZLFGKWQUVYVNREUS;0.596;False;0.000;3;11.725;20;;False;True
 Jesus ;MEDESCUAJRINGARE;M;-1.039;False;0.000;0;0.000;16;M;False;False
 Jesus ;MEDESCUAJRINGARE;ME;-0.954;False;0.000;0;0.000;16;E;False;False
 Jesus ;MEDESCUAJRINGARE;MED;0.225;False;0.000;0;0.000;16;D;False;False
 Jesus ;MEDESCUAJRINGARE;MEDES;0.742;False;0.000;0;0.000;16;S;False;False
 Jesus ;MEDESCUAJRINGARE;MEDE;0.745;False;0.000;0;0.000;16;E;False;False
 Jesus ;MEDESCUAJRINGARE;MEDESC;0.394;False;0.000;0;0.000;16;C;False;False
 Jesus ;MEDESCUAJRINGARE;MEDESCU;0.729;False;0.000;0;0.000;16;U;False;False
 Jesus ;MEDESCUAJRINGARE;MEDESCUA;0.833;False;0.000;0;0.000;16;A;False;False
 Jesus ;MEDESCUAJRINGARE;MEDESCUAJ;0.229;False;0.000;0;0.000;16;J;False;False
 Jesus ;MEDESCUAJRINGARE;MEDESCUAJR;1.631;False;0.000;0;0.000;16;R;False;False
 Jesus ;MEDESCUAJRINGARE;MEDESCUAJRI;1.785;False;0.000;0;0.000;16;I;False;False
 Jesus ;MEDESCUAJRINGARE;MEDESCUAJRIN;0.258;False;0.000;0;0.000;16;N;False;False
 Jesus ;MEDESCUAJRINGARE;MEDESCUAJRING;1.073;False;0.000;0;0.000;16;G;False;False
 Jesus ;MEDESCUAJRINGARE;MEDESCUAJRINGA;0.415;False;0.000;0;0.000;16;A;False;False
 Jesus ;MEDESCUAJRINGARE;MEDESCUAJRINGAR;0.657;False;0.000;0;0.000;16;R;False;False
 Jesus ;MEDESCUAJRINGARE;MEDESCUAJRINGARE;0.272;False;0.000;0;0.000;16;E;False;False
Jesus;MEDESCUAJRINGARE;MEDESCUAJRINGARE;0.263;False;0.000;4;7.694;16;;False;True
 Jesus ;MEDESCORAZONARE;M;-1.070;False;0.000;0;0.000;15;M;False;False
 Jesus ;MEDESCORAZONARE;ME;-0.960;False;0.000;0;0.000;15;E;False;False
 Jesus ;MEDESCORAZONARE;MED;0.235;False;0.000;0;0.000;15;D;False;False
 Jesus ;MEDESCORAZONARE;MEDE;0.262;False;0.000;0;0.000;15;E;False;False
 Jesus ;MEDESCORAZONARE;MEDES;0.213;False;0.000;0;0.000;15;S;False;False
 Jesus ;MEDESCORAZONARE;MEDESC;0.165;False;0.000;0;0.000;15;C;False;False
 Jesus ;MEDESCORAZONARE;MEDESCO;0.332;False;0.000;0;0.000;15;O;False;False
 Jesus ;MEDESCORAZONARE;MEDESCOR;0.520;False;0.000;0;0.000;15;R;False;False
 Jesus ;MEDESCORAZONARE;MEDESCORA;0.288;False;0.000;0;0.000;15;A;False;False
 Jesus ;MEDESCORAZONARE;MEDESCORAZ;0.290;False;0.000;0;0.000;15;Z;False;False
 Jesus ;MEDESCORAZONARE;MEDESCORAZO;0.584;False;0.000;0;0.000;15;O;False;False
 Jesus ;MEDESCORAZONARE;MEDESCORAZON;0.368;False;0.000;0;0.000;15;N;False;False
 Jesus ;MEDESCORAZONARE;MEDESCORAZONA;0.348;False;0.000;0;0.000;15;A;False;False
 Jesus ;MEDESCORAZONARE;MEDESCORAZONAR;0.283;False;0.000;0;0.000;15;R;False;False
 Jesus ;MEDESCORAZONARE;MEDESCORAZONARE;0.390;False;0.000;0;0.000;15;E;False;False
Jesus;MEDESCORAZONARE;MEDESCORAZONARE;0.216;False;0.000;5;4.626;15;;False;True
 Jesus ;MIMIMIMIMIMI;M;-1.098;False;0.000;0;0.000;12;M;False;False
 Jesus ;MIMIMIMIMIMI;MI;0.395;False;0.000;0;0.000;12;I;False;False
 Jesus ;MIMIMIMIMIMI;MIM;0.584;False;0.000;0;0.000;12;M;False;False
 Jesus ;MIMIMIMIMIMI;MIMI;0.292;False;0.000;0;0.000;12;I;False;False
 Jesus ;MIMIMIMIMIMI;MIMIM;0.347;False;0.000;0;0.000;12;M;False;False
 Jesus ;MIMIMIMIMIMI;MIMIMI;0.602;False;0.000;0;0.000;12;I;False;False
 Jesus ;MIMIMIMIMIMI;MIMIMIM;0.350;False;0.000;0;0.000;12;M;False;False
 Jesus ;MIMIMIMIMIMI;MIMIMIMI;0.359;False;0.000;0;0.000;12;I;False;False
 Jesus ;MIMIMIMIMIMI;MIMIMIMIM;0.585;False;0.000;0;0.000;12;M;False;False
 Jesus ;MIMIMIMIMIMI;MIMIMIMIMI;0.295;False;0.000;0;0.000;12;I;False;False
 Jesus ;MIMIMIMIMIMI;MIMIMIMIMIM;0.309;False;0.000;0;0.000;12;M;False;False
 Jesus ;MIMIMIMIMIMI;MIMIMIMIMIMI;0.545;False;0.000;0;0.000;12;I;False;False
Jesus;MIMIMIMIMIMI;MIMIMIMIMIMI;0.400;False;0.000;6;4.105;12;;False;True
 Jesus ;QWMNZPBXJJBXBJX;QW;-0.982;False;0.000;0;0.000;15;W;False;False
 Jesus ;QWMNZPBXJJBXBJX;Q;-0.979;False;0.000;0;0.000;15;Q;False;False
 Jesus ;QWMNZPBXJJBXBJX;QWMN;0.856;False;0.000;0;0.000;15;N;False;False
 Jesus ;QWMNZPBXJJBXBJX;QWM;0.858;False;0.000;0;0.000;15;M;False;False
 Jesus ;QWMNZPBXJJBXBJX;QWMNZ;0.368;False;0.000;0;0.000;15;Z;False;False
 Jesus ;QWMNZPBXJJBXBJX;QWMNZP;0.383;False;0.000;0;0.000;15;P;False;False
 Jesus ;QWMNZPBXJJBXBJX;QWMNZPB;0.762;False;0.000;0;0.000;15;B;False;False
 Jesus ;QWMNZPBXJJBXBJX;QWMNZPBX;0.506;False;0.000;0;0.000;15;X;False;False
 Jesus ;QWMNZPBXJJBXBJX;QWMNZPBXJ;0.608;False;0.000;0;0.000;15;J;False;False
 Jesus ;QWMNZPBXJJBXBJX;QWMNZPBXJJ;0.767;False;0.000;0;0.000;15;J;False;False
 Jesus ;QWMNZPBXJJBXBJX;QWMNZPBXJJB;0.678;False;0.000;0;0.000;15;B;False;False
 Jesus ;QWMNZPBXJJBXBJX;QWMNZPBXJJBX;0.554;False;0.000;0;0.000;15;X;False;False
 Jesus ;QWMNZPBXJJBXBJX;QWMNZPBXJJBXB;1.656;False;0.000;0;0.000;15;B;False;False
 Jesus ;QWMNZPBXJJBXBJX;QWMNZPBXJJBXBJ;1.824;False;0.000;0;0.000;15;J;False;False
 Jesus ;QWMNZPBXJJBXBJX;QWMNZPBXJJBXBJX;0.285;False;0.000;0;0.000;15;X;False;False
Jesus;QWMNZPBXJJBXBJX;QWMNZPBXJJBXBJX;0.206;False;0.000;7;8.506;15;;False;True
 Jesus ;PZKOFTLILILILI;P;-1.011;False;0.000;0;0.000;14;P;False;False
 Jesus ;PZKOFTLILILILI;PZ;0.305;False;0.000;0;0.000;14;Z;False;False
 Jesus ;PZKOFTLILILILI;PZK;0.805;False;0.000;0;0.000;14;K;False;False
 Jesus ;PZKOFTLILILILI;PZKOF;1.863;False;0.000;0;0.000;14;F;False;False
 Jesus ;PZKOFTLILILILI;PZKO;1.865;False;0.000;0;0.000;14;O;False;False
 Jesus ;PZKOFTLILILILI;PZKOFT;1.360;False;0.000;0;0.000;14;T;False;False
 Jesus ;PZKOFTLILILILI;PZKOFTL;0.367;False;0.000;0;0.000;14;L;False;False
 Jesus ;PZKOFTLILILILI;PZKOFTLI;0.291;False;0.000;0;0.000;14;I;False;False
 Jesus ;PZKOFTLILILILI;PZKOFTLIL;0.556;False;0.000;0;0.000;14;L;False;False
 Jesus ;PZKOFTLILILILI;PZKOFTLILI;0.168;False;0.000;0;0.000;14;I;False;False
 Jesus ;PZKOFTLILILILI;PZKOFTLILIL;0.402;False;0.000;0;0.000;14;L;False;False
 Jesus ;PZKOFTLILILILI;PZKOFTLILILI;0.301;False;0.000;0;0.000;14;I;False;False
 Jesus ;PZKOFTLILILILI;PZKOFTLILILIL;0.731;False;0.000;0;0.000;14;L;False;False
 Jesus ;PZKOFTLILILILI;PZKOFTLILILILI;0.374;False;0.000;0;0.000;14;I;False;False
Jesus;PZKOFTLILILILI;PZKOFTLILILILI;0.658;False;0.000;8;9.303;14;;False;True
 Jesus ;PELIFUGUKYWYAGUDO;P;-0.983;False;0.000;0;0.000;17;P;False;False
 Jesus ;PELIFUGUKYWYAGUDO;PE;-0.882;False;0.000;0;0.000;17;E;False;False
 Jesus ;PELIFUGUKYWYAGUDO;PEL;0.226;False;0.000;0;0.000;17;L;False;False
 Jesus ;PELIFUGUKYWYAGUDO;PELIF;1.223;False;0.000;0;0.000;17;F;False;False
 Jesus ;PELIFUGUKYWYAGUDO;PELI;1.225;False;0.000;0;0.000;17;I;False;False
 Jesus ;PELIFUGUKYWYAGUDO;PELIFU;0.292;False;0.000;0;0.000;17;U;False;False
 Jesus ;PELIFUGUKYWYAGUDO;PELIFUE;0.450;False;0.000;0;0.000;17;E;True;False
 Jesus ;PELIFUGUKYWYAGUDO;PELIFUG;1.737;False;0.000;0;0.000;17;G;False;False
 Jesus ;PELIFUGUKYWYAGUDO;PELIFUGU;0.994;False;0.000;0;0.000;17;U;False;False
 Jesus ;PELIFUGUKYWYAGUDO;PELIFUGUK;0.702;False;0.000;0;0.000;17;K;False;False
 Jesus ;PELIFUGUKYWYAGUDO;PELIFUGUKY;0.778;False;0.000;0;0.000;17;Y;False;False
 Jesus ;PELIFUGUKYWYAGUDO;PELIFUGUKYW;1.025;False;0.000;0;0.000;17;W;False;False
 Jesus ;PELIFUGUKYWYAGUDO;PELIFUGUKYWY;0.620;False;0.000;0;0.000;17;Y;False;False
 Jesus ;PELIFUGUKYWYAGUDO;PELIFUGUKYWYA;0.647;False;0.000;0;0.000;17;A;False;False
 Jesus ;PELIFUGUKYWYAGUDO;PELIFUGUKYWYAG;1.671;False;0.000;0;0.000;17;G;False;False
 Jesus ;PELIFUGUKYWYAGUDO;PELIFUGUKYWYAGU;0.322;False;0.000;0;0.000;17;U;False;False
 Jesus ;PELIFUGUKYWYAGUDO;PELIFUGUKYWYAGUD;0.494;False;0.000;0;0.000;17;D;False;False
 Jesus ;PELIFUGUKYWYAGUDO;PELIFUGUKYWYAGUDO;0.296;False;0.000;0;0.000;17;O;False;False
Jesus;PELIFUGUKYWYAGUDO;PELIFUGUKYWYAGUDO;0.630;False;0.000;9;12.499;17;;False;True
 Jesus ;ZIZIZIHIZIZHIHIHI;Z;-1.262;False;0.000;0;0.000;17;Z;False;False
 Jesus ;ZIZIZIHIZIZHIHIHI;ZI;0.394;False;0.000;0;0.000;17;I;False;False
 Jesus ;ZIZIZIHIZIZHIHIHI;ZIZ;0.539;False;0.000;0;0.000;17;Z;False;False
 Jesus ;ZIZIZIHIZIZHIHIHI;ZIZI;0.227;False;0.000;0;0.000;17;I;False;False
 Jesus ;ZIZIZIHIZIZHIHIHI;ZIZIZ;0.173;False;0.000;0;0.000;17;Z;False;False
 Jesus ;ZIZIZIHIZIZHIHIHI;ZIZIZI;0.755;False;0.000;0;0.000;17;I;False;False
 Jesus ;ZIZIZIHIZIZHIHIHI;ZIZIZIH;0.813;False;0.000;0;0.000;17;H;False;False
 Jesus ;ZIZIZIHIZIZHIHIHI;ZIZIZIHI;1.117;False;0.000;0;0.000;17;I;False;False
 Jesus ;ZIZIZIHIZIZHIHIHI;ZIZIZIHIZ;0.562;False;0.000;0;0.000;17;Z;False;False
 Jesus ;ZIZIZIHIZIZHIHIHI;ZIZIZIHIZI;0.378;False;0.000;0;0.000;17;I;False;False
 Jesus ;ZIZIZIHIZIZHIHIHI;ZIZIZIHIZIZ;0.884;False;0.000;0;0.000;17;Z;False;False
 Jesus ;ZIZIZIHIZIZHIHIHI;ZIZIZIHIZIZH;0.816;False;0.000;0;0.000;17;H;False;False
 Jesus ;ZIZIZIHIZIZHIHIHI;ZIZIZIHIZIZHI;0.295;False;0.000;0;0.000;17;I;False;False
 Jesus ;ZIZIZIHIZIZHIHIHI;ZIZIZIHIZIZHIH;0.569;False;0.000;0;0.000;17;H;False;False
 Jesus ;ZIZIZIHIZIZHIHIHI;ZIZIZIHIZIZHIHI;0.532;False;0.000;0;0.000;17;I;False;False
 Jesus ;ZIZIZIHIZIZHIHIHI;ZIZIZIHIZIZHIHIH;0.386;False;0.000;0;0.000;17;H;False;False
 Jesus ;ZIZIZIHIZIZHIHIHI;ZIZIZIHIZIZHIHIHI;0.417;False;0.000;0;0.000;17;I;False;False
Jesus;ZIZIZIHIZIZHIHIHI;ZIZIZIHIZIZHIHIHI;1.200;False;0.000;10;8.601;17;;False;True
 Jesus ;DIMEFGKWYQVOUNSION;F;-0.994;False;0.000;0;0.000;18;F;True;False
 Jesus ;DIMEFGKWYQVOUNSION;D;0.655;False;0.000;0;0.000;18;D;False;False
 Jesus ;DIMEFGKWYQVOUNSION;DI;0.176;False;0.000;0;0.000;18;I;False;False
 Jesus ;DIMEFGKWYQVOUNSION;DIM;0.184;False;0.000;0;0.000;18;M;False;False
 Jesus ;DIMEFGKWYQVOUNSION;DIME;0.159;False;0.000;0;0.000;18;E;False;False
 Jesus ;DIMEFGKWYQVOUNSION;DIMEN;0.338;False;0.000;0;0.000;18;N;True;False
 Jesus ;DIMEFGKWYQVOUNSION;DIMEF;1.438;False;0.000;0;0.000;18;F;False;False
 Jesus ;DIMEFGKWYQVOUNSION;DIMEFG;1.699;False;0.000;0;0.000;18;G;False;False
 Jesus ;DIMEFGKWYQVOUNSION;DIMEFGK;1.963;False;0.000;0;0.000;18;K;False;False
 Jesus ;DIMEFGKWYQVOUNSION;DIMEFGKW;1.554;False;0.000;0;0.000;18;W;False;False
 Jesus ;DIMEFGKWYQVOUNSION;DIMEFGKWY;1.009;False;0.000;0;0.000;18;Y;False;False
 Jesus ;DIMEFGKWYQVOUNSION;DIMEFGKWYQ;1.346;False;0.000;0;0.000;18;Q;False;False
 Jesus ;DIMEFGKWYQVOUNSION;DIMEFGKWYQV;0.883;False;0.000;0;0.000;18;V;False;False
 Jesus ;DIMEFGKWYQVOUNSION;DIMEFGKWYQVO;0.712;False;0.000;0;0.000;18;O;False;False
 Jesus ;DIMEFGKWYQVOUNSION;DIMEFGKWYQVOU;1.319;False;0.000;0;0.000;18;U;False;False
 Jesus ;DIMEFGKWYQVOUNSION;DIMEFGKWYQVOUN;0.683;False;0.000;0;0.000;18;N;False;False
 Jesus ;DIMEFGKWYQVOUNSION;DIMEFGKWYQVOUNS;0.441;False;0.000;0;0.000;18;S;False;False
 Jesus ;DIMEFGKWYQVOUNSION;DIMEFGKWYQVOUNSI;0.609;False;0.000;0;0.000;18;I;False;False
 Jesus ;DIMEFGKWYQVOUNSION;DIMEFGKWYQVOUNSI;0.809;False;0.000;0;0.000;18;I;False;False
 Jesus ;DIMEFGKWYQVOUNSION;DIMEFGKWYQVOUNSIO;1.003;False;0.000;0;0.000;18;O;False;False
 Jesus ;DIMEFGKWYQVOUNSION;DIMEFGKWYQVOUNSION;0.281;False;0.000;0;0.000;18;N;False;False
Jesus;DIMEFGKWYQVOUNSION;DIMEFGKWYQVOUNSION;0.308;False;0.000;11;16.649;18;;False;True
 Jesus ;CORRECCION;CO;-1.022;False;0.000;0;0.000;10;O;False;False
 Jesus ;CORRECCION;C;-1.019;False;0.000;0;0.000;10;C;False;False
 Jesus ;CORRECCION;COR;0.230;False;0.000;0;0.000;10;R;False;False
 Jesus ;CORRECCION;CORR;0.505;False;0.000;0;0.000;10;R;False;False
 Jesus ;CORRECCION;CORRE;0.166;False;0.000;0;0.000;10;E;False;False
 Jesus ;CORRECCION;CORREC;0.330;False;0.000;0;0.000;10;C;False;False
 Jesus ;CORRECCION;CORRECC;0.715;False;0.000;0;0.000;10;C;False;False
 Jesus ;CORRECCION;CORRECCI;0.865;False;0.000;0;0.000;10;I;False;False
 Jesus ;CORRECCION;CORRECCIO;0.268;False;0.000;0;0.000;10;O;False;False
 Jesus ;CORRECCION;CORRECCION;0.239;False;0.000;0;0.000;10;N;False;False
Jesus;CORRECCION;CORRECCION;0.424;False;0.000;12;4.220;10;;False;True
 Jesus ;PASIONKWBAP;P;-1.069;False;0.000;0;0.000;11;P;False;False
 Jesus ;PASIONKWBAP;PA;-0.967;False;0.000;0;0.000;11;A;False;False
 Jesus ;PASIONKWBAP;PAS;0.182;False;0.000;0;0.000;11;S;False;False
 Jesus ;PASIONKWBAP;PASI;0.297;False;0.000;0;0.000;11;I;False;False
 Jesus ;PASIONKWBAP;PASIO;0.201;False;0.000;0;0.000;11;O;False;False
 Jesus ;PASIONKWBAP;PASION;0.207;False;0.000;0;0.000;11;N;False;False
 Jesus ;PASIONKWBAP;PASIONK;1.017;False;0.000;0;0.000;11;K;False;False
 Jesus ;PASIONKWBAP;PASIONKW;0.311;False;0.000;0;0.000;11;W;False;False
 Jesus ;PASIONKWBAP;PASIONKWB;0.924;False;0.000;0;0.000;11;B;False;False
 Jesus ;PASIONKWBAP;PASIONKWBA;1.084;False;0.000;0;0.000;11;A;False;False
 Jesus ;PASIONKWBAP;PASIONKWBAP;0.277;False;0.000;0;0.000;11;P;False;False
Jesus;PASIONKWBAP;PASIONKWBAP;0.159;False;0.000;13;4.904;11;;False;True
 Jesus ;PRESLYEMNKYGION;P;-1.056;False;0.000;0;0.000;15;P;False;False
 Jesus ;PRESLYEMNKYGION;PR;-0.936;False;0.000;0;0.000;15;R;False;False
 Jesus ;PRESLYEMNKYGION;PRE;0.227;False;0.000;0;0.000;15;E;False;False
 Jesus ;PRESLYEMNKYGION;PRES;0.235;False;0.000;0;0.000;15;S;False;False
 Jesus ;PRESLYEMNKYGION;PRESL;0.449;False;0.000;0;0.000;15;L;False;False
 Jesus ;PRESLYEMNKYGION;PRESLY;0.962;False;0.000;0;0.000;15;Y;False;False
 Jesus ;PRESLYEMNKYGION;PRESLYE;0.382;False;0.000;0;0.000;15;E;False;False
 Jesus ;PRESLYEMNKYGION;PRESLYEM;0.497;False;0.000;0;0.000;15;M;False;False
 Jesus ;PRESLYEMNKYGION;PRESLYEMN;0.615;False;0.000;0;0.000;15;N;False;False
 Jesus ;PRESLYEMNKYGION;PRESLYEMNK;1.501;False;0.000;0;0.000;15;K;False;False
 Jesus ;PRESLYEMNKYGION;PRESLYEMNKY;0.387;False;0.000;0;0.000;15;Y;False;False
 Jesus ;PRESLYEMNKYGION;PRESLYEMNKYG;0.865;False;0.000;0;0.000;15;G;False;False
 Jesus ;PRESLYEMNKYGION;PRESLYEMNKYGI;1.016;False;0.000;0;0.000;15;I;False;False
 Jesus ;PRESLYEMNKYGION;PRESLYEMNKYGIO;0.282;False;0.000;0;0.000;15;O;False;False
 Jesus ;PRESLYEMNKYGION;PRESLYEMNKYGION;0.229;False;0.000;0;0.000;15;N;False;False
Jesus;PRESLYEMNKYGION;PRESLYEMNKYGION;0.428;False;0.000;14;7.917;15;;False;True
 Jesus ;PRECISION;P;-1.102;False;0.000;0;0.000;9;P;False;False
 Jesus ;PRECISION;PR;-1.014;False;0.000;0;0.000;9;R;False;False
 Jesus ;PRECISION;PRE;0.163;False;0.000;0;0.000;9;E;False;False
 Jesus ;PRECISION;PREC;0.251;False;0.000;0;0.000;9;C;False;False
 Jesus ;PRECISION;PRECIS;0.269;False;0.000;0;0.000;9;S;False;False
 Jesus ;PRECISION;PRECI;0.271;False;0.000;0;0.000;9;I;False;False
 Jesus ;PRECISION;PRECISI;0.312;False;0.000;0;0.000;9;I;False;False
 Jesus ;PRECISION;PRECISIO;0.491;False;0.000;0;0.000;9;O;False;False
 Jesus ;PRECISION;PRECISION;0.270;False;0.000;0;0.000;9;N;False;False
Jesus;PRECISION;PRECISION;0.256;False;0.000;15;2.742;9;;False;True
 Jesus ;PRIVACION;P;-1.073;False;0.000;0;0.000;9;P;False;False
 Jesus ;PRIVACION;PR;-0.958;False;0.000;0;0.000;9;R;False;False
 Jesus ;PRIVACION;PRI;0.169;False;0.000;0;0.000;9;I;False;False
 Jesus ;PRIVACION;PRIV;0.395;False;0.000;0;0.000;9;V;False;False
 Jesus ;PRIVACION;PRIVA;0.504;False;0.000;0;0.000;9;A;False;False
 Jesus ;PRIVACION;PRIVAC;0.236;False;0.000;0;0.000;9;C;False;False
 Jesus ;PRIVACION;PRIVACI;0.387;False;0.000;0;0.000;9;I;False;False
 Jesus ;PRIVACION;PRIVACIO;0.329;False;0.000;0;0.000;9;O;False;False
 Jesus ;PRIVACION;PRIVACION;0.335;False;0.000;0;0.000;9;N;False;False
Jesus;PRIVACION;PRIVACION;0.617;False;0.000;16;3.118;9;;False;True
 Jesus ;TRADICION;T;-0.941;False;0.000;0;0.000;9;T;False;False
 Jesus ;TRADICION;TR;0.190;False;0.000;0;0.000;9;R;False;False
 Jesus ;TRADICION;TRA;0.192;False;0.000;0;0.000;9;A;False;False
 Jesus ;TRADICION;TRAD;0.172;False;0.000;0;0.000;9;D;False;False
 Jesus ;TRADICION;TRADI;0.193;False;0.000;0;0.000;9;I;False;False
 Jesus ;TRADICION;TRADIC;0.280;False;0.000;0;0.000;9;C;False;False
 Jesus ;TRADICION;TRADICI;0.582;False;0.000;0;0.000;9;I;False;False
 Jesus ;TRADICION;TRADICIO;0.797;False;0.000;0;0.000;9;O;False;False
 Jesus ;TRADICION;TRADICION;0.304;False;0.000;0;0.000;9;N;False;False
Jesus;TRADICION;TRADICION;0.302;False;0.000;17;3.775;9;;False;True
 Jesus ;TENSIONJBJBPDWHBNLK;T;-1.062;False;0.000;0;0.000;19;T;False;False
 Jesus ;TENSIONJBJBPDWHBNLK;TE;-0.983;False;0.000;0;0.000;19;E;False;False
 Jesus ;TENSIONJBJBPDWHBNLK;TEN;0.187;False;0.000;0;0.000;19;N;False;False
 Jesus ;TENSIONJBJBPDWHBNLK;TENS;0.165;False;0.000;0;0.000;19;S;False;False
 Jesus ;TENSIONJBJBPDWHBNLK;TENSI;0.289;False;0.000;0;0.000;19;I;False;False
 Jesus ;TENSIONJBJBPDWHBNLK;TENSIO;0.175;False;0.000;0;0.000;19;O;False;False
 Jesus ;TENSIONJBJBPDWHBNLK;TENSION;0.343;False;0.000;0;0.000;19;N;False;False
 Jesus ;TENSIONJBJBPDWHBNLK;TENSIONJ;1.010;False;0.000;0;0.000;19;J;False;False
 Jesus ;TENSIONJBJBPDWHBNLK;TENSIONJV;0.321;False;0.000;0;0.000;19;V;True;False
 Jesus ;TENSIONJBJBPDWHBNLK;TENSIONJB;1.027;False;0.000;0;0.000;19;B;False;False
 Jesus ;TENSIONJBJBPDWHBNLK;TENSIONJBJ;0.749;False;0.000;0;0.000;19;J;False;False
 Jesus ;TENSIONJBJBPDWHBNLK;TENSIONJBJB;1.024;False;0.000;0;0.000;19;B;False;False
 Jesus ;TENSIONJBJBPDWHBNLK;TENSIONJBJBP;0.581;False;0.000;0;0.000;19;P;False;False
 Jesus ;TENSIONJBJBPDWHBNLK;TENSIONJBJBPD;0.814;False;0.000;0;0.000;19;D;False;False
 Jesus ;TENSIONJBJBPDWHBNLK;TENSIONJBJBPDW;0.425;False;0.000;0;0.000;19;W;False;False
 Jesus ;TENSIONJBJBPDWHBNLK;TENSIONJBJBPDWH;0.819;False;0.000;0;0.000;19;H;False;False
 Jesus ;TENSIONJBJBPDWHBNLK;TENSIONJBJBPDWHB;0.953;False;0.000;0;0.000;19;B;False;False
 Jesus ;TENSIONJBJBPDWHBNLK;TENSIONJBJBPDWHBN;1.209;False;0.000;0;0.000;19;N;False;False
 Jesus ;TENSIONJBJBPDWHBNLK;TENSIONJBJBPDWHBNL;0.669;False;0.000;0;0.000;19;L;False;False
 Jesus ;TENSIONJBJBPDWHBNLK;TENSIONJBJBPDWHBNLK;0.378;False;0.000;0;0.000;19;K;False;False
Jesus;TENSIONJBJBPDWHBNLK;TENSIONJBJBPDWHBNLK;0.358;False;0.000;18;10.391;19;;False;True
 Jesus ;COMPOSICION;C;-1.244;False;0.000;0;0.000;11;C;False;False
 Jesus ;COMPOSICION;CO;0.386;False;0.000;0;0.000;11;O;False;False
 Jesus ;COMPOSICION;COM;0.194;False;0.000;0;0.000;11;M;False;False
 Jesus ;COMPOSICION;COMP;0.221;False;0.000;0;0.000;11;P;False;False
 Jesus ;COMPOSICION;COMPO;0.916;False;0.000;0;0.000;11;O;False;False
 Jesus ;COMPOSICION;COMPA;0.918;False;0.000;0;0.000;11;A;True;False
 Jesus ;COMPOSICION;COMPOS;1.140;False;0.000;0;0.000;11;S;False;False
 Jesus ;COMPOSICION;COMPOSI;0.327;False;0.000;0;0.000;11;I;False;False
 Jesus ;COMPOSICION;COMPOSIC;0.315;False;0.000;0;0.000;11;C;False;False
 Jesus ;COMPOSICION;COMPOSICI;0.287;False;0.000;0;0.000;11;I;False;False
 Jesus ;COMPOSICION;COMPOSICIO;0.190;False;0.000;0;0.000;11;O;False;False
 Jesus ;COMPOSICION;COMPOSICION;0.345;False;0.000;0;0.000;11;N;False;False
Jesus;COMPOSICION;COMPOSICION;0.331;False;0.000;19;4.338;11;;False;True
 Jesus ;COMPRENSION;C;-1.330;False;0.000;0;0.000;11;C;False;False
 Jesus ;COMPRENSION;CO;0.199;False;0.000;0;0.000;11;O;False;False
 Jesus ;COMPRENSION;COM;0.161;False;0.000;0;0.000;11;M;False;False
 Jesus ;COMPRENSION;COMP;0.221;False;0.000;0;0.000;11;P;False;False
 Jesus ;COMPRENSION;COMPR;0.333;False;0.000;0;0.000;11;R;False;False
 Jesus ;COMPRENSION;COMPRE;0.192;False;0.000;0;0.000;11;E;False;False
 Jesus ;COMPRENSION;COMPREN;0.324;False;0.000;0;0.000;11;N;False;False
 Jesus ;COMPRENSION;COMPRENS;0.421;False;0.000;0;0.000;11;S;False;False
 Jesus ;COMPRENSION;COMPRENSI;0.462;False;0.000;0;0.000;11;I;False;False
 Jesus ;COMPRENSION;COMPRENSIO;0.178;False;0.000;0;0.000;11;O;False;False
 Jesus ;COMPRENSION;COMPRENSIOMN;0.327;False;0.000;0;0.000;11;N;True;False
 Jesus ;COMPRENSION;COMPRENSIOM;0.332;False;0.000;0;0.000;11;M;True;False
 Jesus ;COMPRENSION;COMPRENSION;0.695;False;0.000;0;0.000;11;N;False;False
Jesus;COMPRENSION;COMPRENSION;0.921;False;0.000;19;0.000;11;;False;False
