Cristhian ;ZANAHORIA;Tab;1.556;False;0.000;0;0.000;9;b;True;False
Cristhian ;ZANAHORIA;z;1.571;False;0.000;0;0.000;9;z;True;False
Cristhian ;ZANAHORIA;Tab;4.586;False;0.000;0;0.000;9;b;True;False
Cristhian ;ZANAHORIA;za;1.574;False;0.000;0;0.000;9;a;True;False
Cristhian ;ZANAHORIA;Z;0.065;False;0.000;0;0.000;9;Z;False;False
Cristhian ;ZANAHORIA;ZA;0.290;False;0.000;0;0.000;9;A;False;False
Cristhian ;ZANAHORIA;ZAN;0.560;False;0.000;0;0.000;9;N;False;False
Cristhian ;ZANAHORIA;ZANA;0.742;False;0.000;0;0.000;9;A;False;False
Cristhian ;ZANAHORIA;ZANAH;0.389;False;0.000;0;0.000;9;H;False;False
Cristhian ;ZANAHORIA;ZANAHO;0.359;False;0.000;0;0.000;9;O;False;False
Cristhian ;ZANAHORIA;ZANAHOR;0.262;False;0.000;0;0.000;9;R;False;False
Cristhian ;ZANAHORIA;ZANAHORI;0.295;False;0.000;0;0.000;9;I;False;False
Cristhian ;ZANAHORIA;ZANAHORIA;0.406;False;0.000;0;0.000;9;A;False;False
Cristhian ;ZANAHORIA;ZANAHORIA;0.212;False;0.000;1;15.078;9;;False;True
 Cristhian  ;PANTALON;P;-0.165;False;0.000;0;0.000;8;P;False;False
 Cristhian  ;PANTALON;PA;0.015;False;0.000;0;0.000;8;A;False;False
 Cristhian  ;PANTALON;PAT;0.230;False;0.000;0;0.000;8;T;True;False
 Cristhian  ;PANTALON;PATN;0.310;False;0.000;0;0.000;8;N;True;False
 Cristhian  ;PANTALON;PATNA;0.235;False;0.000;0;0.000;8;A;False;False
 Cristhian  ;PANTALON;PATNAL;0.369;False;0.000;0;0.000;8;L;False;False
 Cristhian  ;PANTALON;PAN;1.201;False;0.000;0;0.000;8;N;False;False
 Cristhian  ;PANTALON;PANT;1.372;False;0.000;0;0.000;8;T;False;False
 Cristhian  ;PANTALON;PANTA;0.308;False;0.000;0;0.000;8;A;False;False
 Cristhian  ;PANTALON;PANTAL;0.258;False;0.000;0;0.000;8;L;False;False
 Cristhian  ;PANTALON;PANTALO;0.340;False;0.000;0;0.000;8;O;False;False
 Cristhian  ;PANTALON;PANTALON;0.322;False;0.000;0;0.000;8;N;False;False
Cristhian;PANTALON;PANTALON;0.306;False;0.000;2;5.121;8;;False;True
 Cristhian ;PQINZLVNREUS;P;-0.086;False;0.000;0;0.000;12;P;False;False
 Cristhian ;PQINZLVNREUS;PQ;0.125;False;0.000;0;0.000;12;Q;False;False
 Cristhian ;PQINZLVNREUS;PQI;0.279;False;0.000;0;0.000;12;I;False;False
 Cristhian ;PQINZLVNREUS;PQIN;0.464;False;0.000;0;0.000;12;N;False;False
 Cristhian ;PQINZLVNREUS;PQINZ;0.665;False;0.000;0;0.000;12;Z;False;False
 Cristhian ;PQINZLVNREUS;PQINZL;0.893;False;0.000;0;0.000;12;L;False;False
 Cristhian ;PQINZLVNREUS;PQINZLV;1.047;False;0.000;0;0.000;12;V;False;False
 Cristhian ;PQINZLVNREUS;PQINZLVN;1.153;False;0.000;0;0.000;12;N;False;False
 Cristhian ;PQINZLVNREUS;PQINZLVNR;0.302;False;0.000;0;0.000;12;R;False;False
 Cristhian ;PQINZLVNREUS;PQINZLVNRE;0.445;False;0.000;0;0.000;12;E;False;False
 Cristhian ;PQINZLVNREUS;PQINZLVNREU;0.609;False;0.000;0;0.000;12;U;False;False
 Cristhian ;PQINZLVNREUS;PQINZLVNREUS;0.713;False;0.000;0;0.000;12;S;False;False
Cristhian;PQINZLVNREUS;PQINZLVNREUS;0.244;False;0.000;3;5.899;12;;False;True
 Cristhian ;MEDESCUAJRINGARE;M;-0.200;False;0.000;0;0.000;16;M;False;False
 Cristhian ;MEDESCUAJRINGARE;ME;0.013;False;0.000;0;0.000;16;E;False;False
 Cristhian ;MEDESCUAJRINGARE;MED;0.364;False;0.000;0;0.000;16;D;False;False
 Cristhian ;MEDESCUAJRINGARE;MEDE;0.268;False;0.000;0;0.000;16;E;False;False
 Cristhian ;MEDESCUAJRINGARE;MEDES;0.310;False;0.000;0;0.000;16;S;False;False
 Cristhian ;MEDESCUAJRINGARE;MEDESC;0.414;False;0.000;0;0.000;16;C;False;False
 Cristhian ;MEDESCUAJRINGARE;MEDESCU;0.226;False;0.000;0;0.000;16;U;False;False
 Cristhian ;MEDESCUAJRINGARE;MEDESCUA;0.452;False;0.000;0;0.000;16;A;False;False
 Cristhian ;MEDESCUAJRINGARE;MEDESCUAJ;0.745;False;0.000;0;0.000;16;J;False;False
 Cristhian ;MEDESCUAJRINGARE;MEDESCUAJR;0.359;False;0.000;0;0.000;16;R;False;False
 Cristhian ;MEDESCUAJRINGARE;MEDESCUAJRE;0.562;False;0.000;0;0.000;16;E;True;False
 Cristhian ;MEDESCUAJRINGARE;MEDESCUAJRI;0.819;False;0.000;0;0.000;16;I;False;False
 Cristhian ;MEDESCUAJRINGARE;MEDESCUAJRIN;1.024;False;0.000;0;0.000;16;N;False;False
 Cristhian ;MEDESCUAJRINGARE;MEDESCUAJRING;0.401;False;0.000;0;0.000;16;G;False;False
 Cristhian ;MEDESCUAJRINGARE;MEDESCUAJRINGA;0.440;False;0.000;0;0.000;16;A;False;False
 Cristhian ;MEDESCUAJRINGARE;MEDESCUAJRINGAR;0.430;False;0.000;0;0.000;16;R;False;False
 Cristhian ;MEDESCUAJRINGARE;MEDESCUAJRINGARE;0.336;False;0.000;0;0.000;16;E;False;False
Cristhian;MEDESCUAJRINGARE;MEDESCUAJRINGARE;0.701;False;0.000;4;7.158;16;;False;True
 Cristhian ;MEDESCORAZONARE;M;-0.236;False;0.000;0;0.000;15;M;False;False
 Cristhian ;MEDESCORAZONARE;ME;-0.086;False;0.000;0;0.000;15;E;False;False
 Cristhian ;MEDESCORAZONARE;MED;0.349;False;0.000;0;0.000;15;D;False;False
 Cristhian ;MEDESCORAZONARE;MEDE;0.291;False;0.000;0;0.000;15;E;False;False
 Cristhian ;MEDESCORAZONARE;MEDES;0.528;False;0.000;0;0.000;15;S;False;False
 Cristhian ;MEDESCORAZONARE;MEDESC;0.290;False;0.000;0;0.000;15;C;False;False
 Cristhian ;MEDESCORAZONARE;MEDESCO;0.396;False;0.000;0;0.000;15;O;False;False
 Cristhian ;MEDESCORAZONARE;MEDESCOR;0.319;False;0.000;0;0.000;15;R;False;False
 Cristhian ;MEDESCORAZONARE;MEDESCORA;0.382;False;0.000;0;0.000;15;A;False;False
 Cristhian ;MEDESCORAZONARE;MEDESCORAZ;0.617;False;0.000;0;0.000;15;Z;False;False
 Cristhian ;MEDESCORAZONARE;MEDESCORAZO;0.762;False;0.000;0;0.000;15;O;False;False
 Cristhian ;MEDESCORAZONARE;MEDESCORAZON;0.345;False;0.000;0;0.000;15;N;False;False
 Cristhian ;MEDESCORAZONARE;MEDESCORAZONA;0.360;False;0.000;0;0.000;15;A;False;False
 Cristhian ;MEDESCORAZONARE;MEDESCORAZONAR;0.289;False;0.000;0;0.000;15;R;False;False
 Cristhian ;MEDESCORAZONARE;MEDESCORAZONARE;0.430;False;0.000;0;0.000;15;E;False;False
Cristhian;MEDESCORAZONARE;MEDESCORAZONARE;0.360;False;0.000;5;5.111;15;;False;True
 Cristhian ;MIMIMIMIMIMI;M;-0.270;False;0.000;0;0.000;12;M;False;False
 Cristhian ;MIMIMIMIMIMI;MI;-0.123;False;0.000;0;0.000;12;I;False;False
 Cristhian ;MIMIMIMIMIMI;MIM;0.340;False;0.000;0;0.000;12;M;False;False
 Cristhian ;MIMIMIMIMIMI;MIMI;0.315;False;0.000;0;0.000;12;I;False;False
 Cristhian ;MIMIMIMIMIMI;MIMIM;0.380;False;0.000;0;0.000;12;M;False;False
 Cristhian ;MIMIMIMIMIMI;MIMIMI;0.328;False;0.000;0;0.000;12;I;False;False
 Cristhian ;MIMIMIMIMIMI;MIMIMIM;0.609;False;0.000;0;0.000;12;M;False;False
 Cristhian ;MIMIMIMIMIMI;MIMIMIMI;0.715;False;0.000;0;0.000;12;I;False;False
 Cristhian ;MIMIMIMIMIMI;MIMIMIMIM;0.316;False;0.000;0;0.000;12;M;False;False
 Cristhian ;MIMIMIMIMIMI;MIMIMIMIMI;0.461;False;0.000;0;0.000;12;I;False;False
 Cristhian ;MIMIMIMIMIMI;MIMIMIMIMIM;0.380;False;0.000;0;0.000;12;M;False;False
 Cristhian ;MIMIMIMIMIMI;MIMIMIMIMIMI;0.340;False;0.000;0;0.000;12;I;False;False
Cristhian;MIMIMIMIMIMI;MIMIMIMIMIMI;0.328;False;0.000;6;4.213;12;;False;True
 Cristhian ;QWMNZP;Q;-0.153;False;0.000;0;0.000;6;Q;False;False
 Cristhian ;QWMNZP;QW;0.649;False;0.000;0;0.000;6;W;False;False
 Cristhian ;QWMNZP;QWM;0.861;False;0.000;0;0.000;6;M;False;False
 Cristhian ;QWMNZP;QWMN;0.432;False;0.000;0;0.000;6;N;False;False
 Cristhian ;QWMNZP;QWMNZ;0.428;False;0.000;0;0.000;6;Z;False;False
 Cristhian ;QWMNZP;QWMNZP;0.451;False;0.000;0;0.000;6;P;False;False
Cristhian;QWMNZP;QWMNZP;0.379;False;0.000;7;3.523;6;;False;True
 Cristhian ;PZKOFTLILILILI;P;-0.403;False;0.000;0;0.000;14;P;False;False
 Cristhian ;PZKOFTLILILILI;PA;0.251;False;0.000;0;0.000;14;A;True;False
 Cristhian ;PZKOFTLILILILI;PZ;0.712;False;0.000;0;0.000;14;Z;False;False
 Cristhian ;PZKOFTLILILILI;PZK;0.694;False;0.000;0;0.000;14;K;False;False
 Cristhian ;PZKOFTLILILILI;PZKO;0.276;False;0.000;0;0.000;14;O;False;False
 Cristhian ;PZKOFTLILILILI;PZKOF;0.802;False;0.000;0;0.000;14;F;False;False
 Cristhian ;PZKOFTLILILILI;PZKOFT;0.421;False;0.000;0;0.000;14;T;False;False
 Cristhian ;PZKOFTLILILILI;PZKOFTL;0.374;False;0.000;0;0.000;14;L;False;False
 Cristhian ;PZKOFTLILILILI;PZKOFTLI;0.259;False;0.000;0;0.000;14;I;False;False
 Cristhian ;PZKOFTLILILILI;PZKOFTLIL;0.363;False;0.000;0;0.000;14;L;False;False
 Cristhian ;PZKOFTLILILILI;PZKOFTLILI;0.471;False;0.000;0;0.000;14;I;False;False
 Cristhian ;PZKOFTLILILILI;PZKOFTLILIL;0.510;False;0.000;0;0.000;14;L;False;False
 Cristhian ;PZKOFTLILILILI;PZKOFTLILILI;0.667;False;0.000;0;0.000;14;I;False;False
 Cristhian ;PZKOFTLILILILI;PZKOFTLILILIL;0.254;False;0.000;0;0.000;14;L;False;False
 Cristhian ;PZKOFTLILILILI;PZKOFTLILILILI;0.347;False;0.000;0;0.000;14;I;False;False
Cristhian;PZKOFTLILILILI;PZKOFTLILILILI;0.316;False;0.000;8;6.975;14;;False;True
 Cristhian ;PELIAGUDO;P;-0.435;False;0.000;0;0.000;9;P;False;False
 Cristhian ;PELIAGUDO;PE;0.238;False;0.000;0;0.000;9;E;False;False
 Cristhian ;PELIAGUDO;PEL;0.271;False;0.000;0;0.000;9;L;False;False
 Cristhian ;PELIAGUDO;PELI;0.445;False;0.000;0;0.000;9;I;False;False
 Cristhian ;PELIAGUDO;PELIA;0.430;False;0.000;0;0.000;9;A;False;False
 Cristhian ;PELIAGUDO;PELIAG;0.805;False;0.000;0;0.000;9;G;False;False
 Cristhian ;PELIAGUDO;PELIAGU;0.858;False;0.000;0;0.000;9;U;False;False
 Cristhian ;PELIAGUDO;PELIAGUD;0.299;False;0.000;0;0.000;9;D;False;False
 Cristhian ;PELIAGUDO;PELIAGUDO;0.432;False;0.000;0;0.000;9;O;False;False
Cristhian;PELIAGUDO;PELIAGUDO;0.260;False;0.000;9;4.026;9;;False;True
 Cristhian ;ZIZIZIHIZIZHIHIHI;Z;-0.152;False;0.000;0;0.000;17;Z;False;False
 Cristhian ;ZIZIZIHIZIZHIHIHI;ZI;-0.048;False;0.000;0;0.000;17;I;False;False
 Cristhian ;ZIZIZIHIZIZHIHIHI;ZIZ;0.208;False;0.000;0;0.000;17;Z;False;False
 Cristhian ;ZIZIZIHIZIZHIHIHI;ZIZI;0.121;False;0.000;0;0.000;17;I;False;False
 Cristhian ;ZIZIZIHIZIZHIHIHI;ZIZIZ;1.641;False;0.000;0;0.000;17;Z;False;False
 Cristhian ;ZIZIZIHIZIZHIHIHI;ZIZIZI;1.124;False;0.000;0;0.000;17;I;False;False
 Cristhian ;ZIZIZIHIZIZHIHIHI;ZIZIZIH;0.600;False;0.000;0;0.000;17;H;False;False
 Cristhian ;ZIZIZIHIZIZHIHIHI;ZIZIZIHI;0.830;False;0.000;0;0.000;17;I;False;False
 Cristhian ;ZIZIZIHIZIZHIHIHI;ZIZIZIHIZ;0.430;False;0.000;0;0.000;17;Z;False;False
 Cristhian ;ZIZIZIHIZIZHIHIHI;ZIZIZIHIZI;1.102;False;0.000;0;0.000;17;I;False;False
 Cristhian ;ZIZIZIHIZIZHIHIHI;ZIZIZIHIZIZ;1.302;False;0.000;0;0.000;17;Z;False;False
 Cristhian ;ZIZIZIHIZIZHIHIHI;ZIZIZIHIZIZH;0.702;False;0.000;0;0.000;17;H;False;False
 Cristhian ;ZIZIZIHIZIZHIHIHI;ZIZIZIHIZIZHI;0.806;False;0.000;0;0.000;17;I;False;False
 Cristhian ;ZIZIZIHIZIZHIHIHI;ZIZIZIHIZIZHIH;0.225;False;0.000;0;0.000;17;H;False;False
 Cristhian ;ZIZIZIHIZIZHIHIHI;ZIZIZIHIZIZHIHI;0.344;False;0.000;0;0.000;17;I;False;False
 Cristhian ;ZIZIZIHIZIZHIHIHI;ZIZIZIHIZIZHIHIH;0.338;False;0.000;0;0.000;17;H;False;False
 Cristhian ;ZIZIZIHIZIZHIHIHI;ZIZIZIHIZIZHIHIHI;0.324;False;0.000;0;0.000;17;I;False;False
Cristhian;ZIZIZIHIZIZHIHIHI;ZIZIZIHIZIZHIHIHI;0.397;False;0.000;10;8.847;17;;False;True
 Cristhian ;DIMENSION;D;0.106;False;0.000;0;0.000;9;D;False;False
 Cristhian ;DIMENSION;DI;0.209;False;0.000;0;0.000;9;I;False;False
 Cristhian ;DIMENSION;DIM;0.310;False;0.000;0;0.000;9;M;False;False
 Cristhian ;DIMENSION;DIMI;0.385;False;0.000;0;0.000;9;I;True;False
 Cristhian ;DIMENSION;DIME;0.610;False;0.000;0;0.000;9;E;False;False
 Cristhian ;DIMENSION;DIMEN;0.821;False;0.000;0;0.000;9;N;False;False
 Cristhian ;DIMENSION;DIMENS;0.329;False;0.000;0;0.000;9;S;False;False
 Cristhian ;DIMENSION;DIMENSI;0.470;False;0.000;0;0.000;9;I;False;False
 Cristhian ;DIMENSION;DIMENSIO;0.244;False;0.000;0;0.000;9;O;False;False
 Cristhian ;DIMENSION;DIMENSION;0.280;False;0.000;0;0.000;9;N;False;False
Cristhian;DIMENSION;DIMENSION;0.470;False;0.000;11;4.499;9;;False;True
 Cristhian ;CORRECCION;C;-0.431;False;0.000;0;0.000;10;C;False;False
 Cristhian ;CORRECCION;CO;-0.268;False;0.000;0;0.000;10;O;False;False
 Cristhian ;CORRECCION;COR;0.327;False;0.000;0;0.000;10;R;False;False
 Cristhian ;CORRECCION;CORR;0.335;False;0.000;0;0.000;10;R;False;False
 Cristhian ;CORRECCION;CORRE;0.276;False;0.000;0;0.000;10;E;False;False
 Cristhian ;CORRECCION;CORREC;0.268;False;0.000;0;0.000;10;C;False;False
 Cristhian ;CORRECCION;CORRECC;0.468;False;0.000;0;0.000;10;C;False;False
 Cristhian ;CORRECCION;CORRECCI;0.399;False;0.000;0;0.000;10;I;False;False
 Cristhian ;CORRECCION;CORRECCIO;0.300;False;0.000;0;0.000;10;O;False;False
 Cristhian ;CORRECCION;CORRECCION;0.426;False;0.000;0;0.000;10;N;False;False
Cristhian;CORRECCION;CORRECCION;0.447;False;0.000;12;3.341;10;;False;True
 Cristhian ;PASION;P;-0.203;False;0.000;0;0.000;6;P;False;False
 Cristhian ;PASION;PA;0.007;False;0.000;0;0.000;6;A;False;False
 Cristhian ;PASION;PAS;0.378;False;0.000;0;0.000;6;S;False;False
 Cristhian ;PASION;PASI;0.272;False;0.000;0;0.000;6;I;False;False
 Cristhian ;PASION;PASIO;0.350;False;0.000;0;0.000;6;O;False;False
 Cristhian ;PASION;PASION;0.548;False;0.000;0;0.000;6;N;False;False
Cristhian;PASION;PASION;0.331;False;0.000;13;3.147;6;;False;True
 Cristhian ;PRESION;P;-0.515;False;0.000;0;0.000;7;P;False;False
 Cristhian ;PRESION;PR;-0.355;False;0.000;0;0.000;7;R;False;False
 Cristhian ;PRESION;PRE;0.267;False;0.000;0;0.000;7;E;False;False
 Cristhian ;PRESION;PRES;0.284;False;0.000;0;0.000;7;S;False;False
 Cristhian ;PRESION;PRESI;0.235;False;0.000;0;0.000;7;I;False;False
 Cristhian ;PRESION;PRESIO;0.375;False;0.000;0;0.000;7;O;False;False
 Cristhian ;PRESION;PRESION;0.230;False;0.000;0;0.000;7;N;False;False
Cristhian;PRESION;PRESION;0.348;False;0.000;14;2.630;7;;False;True
 Cristhian ;PRECISION;P;-0.432;False;0.000;0;0.000;9;P;False;False
 Cristhian ;PRECISION;PR;-0.285;False;0.000;0;0.000;9;R;False;False
 Cristhian ;PRECISION;PRE;0.285;False;0.000;0;0.000;9;E;False;False
 Cristhian ;PRECISION;PREC;0.425;False;0.000;0;0.000;9;C;False;False
 Cristhian ;PRECISION;PRECI;0.567;False;0.000;0;0.000;9;I;False;False
 Cristhian ;PRECISION;PRECIS;0.283;False;0.000;0;0.000;9;S;False;False
 Cristhian ;PRECISION;PRECISI;0.465;False;0.000;0;0.000;9;I;False;False
 Cristhian ;PRECISION;PRECISIO;0.252;False;0.000;0;0.000;9;O;False;False
 Cristhian ;PRECISION;PRECISION;0.372;False;0.000;0;0.000;9;N;False;False
Cristhian;PRECISION;PRECISION;0.341;False;0.000;15;3.315;9;;False;True
 Cristhian ;PRIVACION;P;1.260;False;0.000;0;0.000;9;P;False;False
 Cristhian ;PRIVACION;PR;0.877;False;0.000;0;0.000;9;R;False;False
 Cristhian ;PRIVACION;PRI;0.993;False;0.000;0;0.000;9;I;False;False
 Cristhian ;PRIVACION;PRIC;0.487;False;0.000;0;0.000;9;C;True;False
 Cristhian ;PRIVACION;PRICA;0.645;False;0.000;0;0.000;9;A;False;False
 Cristhian ;PRIVACION;PRIV;1.991;False;0.000;0;0.000;9;V;False;False
 Cristhian ;PRIVACION;PRIVA;2.194;False;0.000;0;0.000;9;A;False;False
 Cristhian ;PRIVACION;PRIVAC;0.449;False;0.000;0;0.000;9;C;False;False
 Cristhian ;PRIVACION;PRIVACI;0.353;False;0.000;0;0.000;9;I;False;False
 Cristhian ;PRIVACION;PRIVACIO;0.221;False;0.000;0;0.000;9;O;False;False
 Cristhian ;PRIVACION;PRIVACION;0.293;False;0.000;0;0.000;9;N;False;False
Cristhian;PRIVACION;PRIVACION;0.442;False;0.000;16;6.113;9;;False;True
 Cristhian ;TRADICION;T;-0.491;False;0.000;0;0.000;9;T;False;False
 Cristhian ;TRADICION;TR;-0.351;False;0.000;0;0.000;9;R;False;False
 Cristhian ;TRADICION;TRA;0.268;False;0.000;0;0.000;9;A;False;False
 Cristhian ;TRADICION;TRAD;0.267;False;0.000;0;0.000;9;D;False;False
 Cristhian ;TRADICION;TRADI;0.371;False;0.000;0;0.000;9;I;False;False
 Cristhian ;TRADICION;TRADIC;0.286;False;0.000;0;0.000;9;C;False;False
 Cristhian ;TRADICION;TRADICI;0.519;False;0.000;0;0.000;9;I;False;False
 Cristhian ;TRADICION;TRADICIN;0.699;False;0.000;0;0.000;9;N;True;False
 Cristhian ;TRADICION;TRADICINO;0.702;False;0.000;0;0.000;9;O;True;False
 Cristhian ;TRADICION;TRADICIO;1.412;False;0.000;0;0.000;9;O;False;False
 Cristhian ;TRADICION;TRADICION;1.634;False;0.000;0;0.000;9;N;False;False
Cristhian;TRADICION;TRADICION;0.288;False;0.000;17;4.974;9;;False;True
 Cristhian ;TENSION;T;-0.331;False;0.000;0;0.000;7;T;False;False
 Cristhian ;TENSION;TE;-0.136;False;0.000;0;0.000;7;E;False;False
 Cristhian ;TENSION;TEN;0.384;False;0.000;0;0.000;7;N;False;False
 Cristhian ;TENSION;TENS;0.384;False;0.000;0;0.000;7;S;False;False
 Cristhian ;TENSION;TENSI;0.388;False;0.000;0;0.000;7;I;False;False
 Cristhian ;TENSION;TENSIO;0.299;False;0.000;0;0.000;7;O;False;False
 Cristhian ;TENSION;TENSION;0.378;False;0.000;0;0.000;7;N;False;False
Cristhian;TENSION;TENSION;0.480;False;0.000;18;2.953;7;;False;True
 Cristhian ;COMPOSICION;C;-0.405;False;0.000;0;0.000;11;C;False;False
 Cristhian ;COMPOSICION;CO;-0.252;False;0.000;0;0.000;11;O;False;False
 Cristhian ;COMPOSICION;COM;0.299;False;0.000;0;0.000;11;M;False;False
 Cristhian ;COMPOSICION;COMP;0.253;False;0.000;0;0.000;11;P;False;False
 Cristhian ;COMPOSICION;COMPO;0.755;False;0.000;0;0.000;11;O;False;False
 Cristhian ;COMPOSICION;COMPOS;0.258;False;0.000;0;0.000;11;S;False;False
 Cristhian ;COMPOSICION;COMPOSI;0.403;False;0.000;0;0.000;11;I;False;False
 Cristhian ;COMPOSICION;COMPOSIC;0.277;False;0.000;0;0.000;11;C;False;False
 Cristhian ;COMPOSICION;COMPOSICI;0.385;False;0.000;0;0.000;11;I;False;False
 Cristhian ;COMPOSICION;COMPOSICIO;0.228;False;0.000;0;0.000;11;O;False;False
 Cristhian ;COMPOSICION;COMPOSICION;0.327;False;0.000;0;0.000;11;N;False;False
Cristhian;COMPOSICION;COMPOSICION;0.573;False;0.000;19;4.194;11;;False;True
 Cristhian ;COMPRENSION;C;-0.345;False;0.000;0;0.000;11;C;False;False
 Cristhian ;COMPRENSION;CO;0.392;False;0.000;0;0.000;11;O;False;False
 Cristhian ;COMPRENSION;COM;0.347;False;0.000;0;0.000;11;M;False;False
 Cristhian ;COMPRENSION;COMP;0.576;False;0.000;0;0.000;11;P;False;False
 Cristhian ;COMPRENSION;COMPR;0.350;False;0.000;0;0.000;11;R;False;False
 Cristhian ;COMPRENSION;COMPRE;0.226;False;0.000;0;0.000;11;E;False;False
 Cristhian ;COMPRENSION;COMPREN;0.324;False;0.000;0;0.000;11;N;False;False
 Cristhian ;COMPRENSION;COMPRENS;0.395;False;0.000;0;0.000;11;S;False;False
 Cristhian ;COMPRENSION;COMPRENSI;0.325;False;0.000;0;0.000;11;I;False;False
 Cristhian ;COMPRENSION;COMPRENSIN;0.360;False;0.000;0;0.000;11;N;True;False
 Cristhian ;COMPRENSION;COMPRENSINO;0.363;False;0.000;0;0.000;11;O;True;False
 Cristhian ;COMPRENSION;COMPRENSIO;1.330;False;0.000;0;0.000;11;O;False;False
 Cristhian ;COMPRENSION;COMPRENSION;1.470;False;0.000;0;0.000;11;N;False;False
Cristhian;COMPRENSION;COMPRENSION;0.332;False;0.000;19;0.000;11;;False;False
 Jesus ;ZANAHORIA;Z;0.567;False;0.000;0;0.000;9;Z;False;False
 Jesus ;ZANAHORIA;ZA;0.667;False;0.000;0;0.000;9;A;False;False
 Jesus ;ZANAHORIA;ZAN;0.534;False;0.000;0;0.000;9;N;False;False
 Jesus ;ZANAHORIA;ZANA;0.671;False;0.000;0;0.000;9;A;False;False
 Jesus ;ZANAHORIA;ZANAH;0.275;False;0.000;0;0.000;9;H;False;False
 Jesus ;ZANAHORIA;ZANAHO;0.240;False;0.000;0;0.000;9;O;False;False
 Jesus ;ZANAHORIA;ZANAHOR;0.310;False;0.000;0;0.000;9;R;False;False
 Jesus ;ZANAHORIA;ZANAHORI;0.271;False;0.000;0;0.000;9;I;False;False
 Jesus ;ZANAHORIA;ZANAHORIA;0.319;False;0.000;0;0.000;9;A;False;False
Jesus;ZANAHORIA;ZANAHORIA;0.473;False;0.000;1;12.452;9;;False;True
 Jesus ;PANTALON;P;-0.101;False;0.000;0;0.000;8;P;False;False
 Jesus ;PANTALON;PA;0.019;False;0.000;0;0.000;8;A;False;False
 Jesus ;PANTALON;PAN;0.290;False;0.000;0;0.000;8;N;False;False
 Jesus ;PANTALON;PANT;0.290;False;0.000;0;0.000;8;T;False;False
 Jesus ;PANTALON;PANTA;0.278;False;0.000;0;0.000;8;A;False;False
 Jesus ;PANTALON;PANTAL;0.332;False;0.000;0;0.000;8;L;False;False
 Jesus ;PANTALON;PANTALO;0.521;False;0.000;0;0.000;8;O;False;False
 Jesus ;PANTALON;PANTALON;0.374;False;0.000;0;0.000;8;N;False;False
Jesus;PANTALON;PANTALON;0.301;False;0.000;2;3.181;8;;False;True
 Jesus ;PQINZLVNREUS;P;0.273;False;0.000;0;0.000;12;P;False;False
 Jesus ;PQINZLVNREUS;PQ;0.463;False;0.000;0;0.000;12;Q;False;False
 Jesus ;PQINZLVNREUS;PQI;1.132;False;0.000;0;0.000;12;I;False;False
 Jesus ;PQINZLVNREUS;PQIN;1.236;False;0.000;0;0.000;12;N;False;False
 Jesus ;PQINZLVNREUS;PQINZ;0.859;False;0.000;0;0.000;12;Z;False;False
 Jesus ;PQINZLVNREUS;PQINZL;0.449;False;0.000;0;0.000;12;L;False;False
 Jesus ;PQINZLVNREUS;PQINZLV;0.410;False;0.000;0;0.000;12;V;False;False
 Jesus ;PQINZLVNREUS;PQINZLVN;0.309;False;0.000;0;0.000;12;N;False;False
 Jesus ;PQINZLVNREUS;PQINZLVNR;0.330;False;0.000;0;0.000;12;R;False;False
 Jesus ;PQINZLVNREUS;PQINZLVNRE;0.511;False;0.000;0;0.000;12;E;False;False
 Jesus ;PQINZLVNREUS;PQINZLVNREU;0.590;False;0.000;0;0.000;12;U;False;False
 Jesus ;PQINZLVNREUS;PQINZLVNREUS;0.693;False;0.000;0;0.000;12;S;False;False
Jesus;PQINZLVNREUS;PQINZLVNREUS;0.259;False;0.000;3;6.929;12;;False;True
 Jesus ;MEDESCUAJRINGARE;M;0.165;False;0.000;0;0.000;16;M;False;False
 Jesus ;MEDESCUAJRINGARE;ME;0.369;False;0.000;0;0.000;16;E;False;False
 Jesus ;MEDESCUAJRINGARE;MED;1.022;False;0.000;0;0.000;16;D;False;False
 Jesus ;MEDESCUAJRINGARE;MEDE;1.162;False;0.000;0;0.000;16;E;False;False
 Jesus ;MEDESCUAJRINGARE;MEDES;0.319;False;0.000;0;0.000;16;S;False;False
 Jesus ;MEDESCUAJRINGARE;MEDESC;0.360;False;0.000;0;0.000;16;C;False;False
 Jesus ;MEDESCUAJRINGARE;MEDESCU;0.580;False;0.000;0;0.000;16;U;False;False
 Jesus ;MEDESCUAJRINGARE;MEDESCUA;0.316;False;0.000;0;0.000;16;A;False;False
 Jesus ;MEDESCUAJRINGARE;MEDESCUAJ;0.419;False;0.000;0;0.000;16;J;False;False
 Jesus ;MEDESCUAJRINGARE;MEDESCUAJR;0.777;False;0.000;0;0.000;16;R;False;False
 Jesus ;MEDESCUAJRINGARE;MEDESCUAJRI;0.929;False;0.000;0;0.000;16;I;False;False
 Jesus ;MEDESCUAJRINGARE;MEDESCUAJRIN;0.293;False;0.000;0;0.000;16;N;False;False
 Jesus ;MEDESCUAJRINGARE;MEDESCUAJRING;0.370;False;0.000;0;0.000;16;G;False;False
 Jesus ;MEDESCUAJRINGARE;MEDESCUAJRINGA;0.395;False;0.000;0;0.000;16;A;False;False
 Jesus ;MEDESCUAJRINGARE;MEDESCUAJRINGAR;0.245;False;0.000;0;0.000;16;R;False;False
 Jesus ;MEDESCUAJRINGARE;MEDESCUAJRINGARE;0.346;False;0.000;0;0.000;16;E;False;False
Jesus;MEDESCUAJRINGARE;MEDESCUAJRINGARE;0.281;False;0.000;4;6.688;16;;False;True
 Jesus ;MEDESCORAZONARE;M;-0.347;False;0.000;0;0.000;15;M;False;False
 Jesus ;MEDESCORAZONARE;ME;-0.207;False;0.000;0;0.000;15;E;False;False
 Jesus ;MEDESCORAZONARE;MED;0.881;False;0.000;0;0.000;15;D;False;False
 Jesus ;MEDESCORAZONARE;MEDE;1.052;False;0.000;0;0.000;15;E;False;False
 Jesus ;MEDESCORAZONARE;MEDES;0.277;False;0.000;0;0.000;15;S;False;False
 Jesus ;MEDESCORAZONARE;MEDESC;0.862;False;0.000;0;0.000;15;C;False;False
 Jesus ;MEDESCORAZONARE;MEDESCO;1.043;False;0.000;0;0.000;15;O;False;False
 Jesus ;MEDESCORAZONARE;MEDESCOR;0.286;False;0.000;0;0.000;15;R;False;False
 Jesus ;MEDESCORAZONARE;MEDESCORA;0.270;False;0.000;0;0.000;15;A;False;False
 Jesus ;MEDESCORAZONARE;MEDESCORAZ;0.388;False;0.000;0;0.000;15;Z;False;False
 Jesus ;MEDESCORAZONARE;MEDESCORAZO;0.567;False;0.000;0;0.000;15;O;False;False
 Jesus ;MEDESCORAZONARE;MEDESCORAZON;0.320;False;0.000;0;0.000;15;N;False;False
 Jesus ;MEDESCORAZONARE;MEDESCORAZONA;0.380;False;0.000;0;0.000;15;A;False;False
 Jesus ;MEDESCORAZONARE;MEDESCORAZONAL;0.320;False;0.000;0;0.000;15;L;True;False
 Jesus ;MEDESCORAZONARE;MEDESCORAZONALE;0.470;False;0.000;0;0.000;15;E;False;False
 Jesus ;MEDESCORAZONARE;MEDESCORAZONAR;0.653;False;0.000;0;0.000;15;R;False;False
 Jesus ;MEDESCORAZONARE;MEDESCORAZONARE;0.757;False;0.000;0;0.000;15;E;False;False
Jesus;MEDESCORAZONARE;MEDESCORAZONARE;0.398;False;0.000;5;6.889;15;;False;True
 Jesus ;MIMIMIMIMIMI;M;-0.286;False;0.000;0;0.000;12;M;False;False
 Jesus ;MIMIMIMIMIMI;MI;-0.106;False;0.000;0;0.000;12;I;False;False
 Jesus ;MIMIMIMIMIMI;MIM;0.232;False;0.000;0;0.000;12;M;False;False
 Jesus ;MIMIMIMIMIMI;MIMI;0.380;False;0.000;0;0.000;12;I;False;False
 Jesus ;MIMIMIMIMIMI;MIMIM;0.261;False;0.000;0;0.000;12;M;False;False
 Jesus ;MIMIMIMIMIMI;MIMIMI;0.400;False;0.000;0;0.000;12;I;False;False
 Jesus ;MIMIMIMIMIMI;MIMIMII;0.623;False;0.000;0;0.000;12;I;True;False
 Jesus ;MIMIMIMIMIMI;MIMIMIM;1.210;False;0.000;0;0.000;12;M;False;False
 Jesus ;MIMIMIMIMIMI;MIMIMIMI;1.350;False;0.000;0;0.000;12;I;False;False
 Jesus ;MIMIMIMIMIMI;MIMIMIMIM;0.330;False;0.000;0;0.000;12;M;False;False
 Jesus ;MIMIMIMIMIMI;MIMIMIMIMI;0.430;False;0.000;0;0.000;12;I;False;False
 Jesus ;MIMIMIMIMIMI;MIMIMIMIMIM;0.383;False;0.000;0;0.000;12;M;False;False
 Jesus ;MIMIMIMIMIMI;MIMIMIMIMIMI;0.487;False;0.000;0;0.000;12;I;False;False
Jesus;MIMIMIMIMIMI;MIMIMIMIMIMI;0.319;False;0.000;6;5.653;12;;False;True
 Jesus ;QWMNZP;Q;-0.014;False;0.000;0;0.000;6;Q;False;False
 Jesus ;QWMNZP;QW;0.921;False;0.000;0;0.000;6;W;False;False
 Jesus ;QWMNZP;QWM;0.831;False;0.000;0;0.000;6;M;False;False
 Jesus ;QWMNZP;QWMN;0.310;False;0.000;0;0.000;6;N;False;False
 Jesus ;QWMNZP;QWMNZ;0.451;False;0.000;0;0.000;6;Z;False;False
 Jesus ;QWMNZP;QWMNZP;0.630;False;0.000;0;0.000;6;P;False;False
Jesus;QWMNZP;QWMNZP;0.421;False;0.000;7;4.815;6;;False;True
 Jesus ;PZKOFTLILILILI;O;0.137;False;0.000;0;0.000;14;O;True;False
 Jesus ;PZKOFTLILILILI;OZ;0.230;False;0.000;0;0.000;14;Z;False;False
 Jesus ;PZKOFTLILILILI;P;0.852;False;0.000;0;0.000;14;P;False;False
 Jesus ;PZKOFTLILILILI;PZ;0.972;False;0.000;0;0.000;14;Z;False;False
 Jesus ;PZKOFTLILILILI;PZK;0.825;False;0.000;0;0.000;14;K;False;False
 Jesus ;PZKOFTLILILILI;PZKO;0.929;False;0.000;0;0.000;14;O;False;False
 Jesus ;PZKOFTLILILILI;PZKOF;0.833;False;0.000;0;0.000;14;F;False;False
 Jesus ;PZKOFTLILILILI;PZKOFT;0.360;False;0.000;0;0.000;14;T;False;False
 Jesus ;PZKOFTLILILILI;PZKOFTL;0.761;False;0.000;0;0.000;14;L;False;False
 Jesus ;PZKOFTLILILILI;PZKOFTLI;0.865;False;0.000;0;0.000;14;I;False;False
 Jesus ;PZKOFTLILILILI;PZKOFTLIL;0.395;False;0.000;0;0.000;14;L;False;False
 Jesus ;PZKOFTLILILILI;PZKOFTLILI;0.535;False;0.000;0;0.000;14;I;False;False
 Jesus ;PZKOFTLILILILI;PZKOFTLILIL;0.290;False;0.000;0;0.000;14;L;False;False
 Jesus ;PZKOFTLILILILI;PZKOFTLILILI;0.460;False;0.000;0;0.000;14;I;False;False
Jesus;PZKOFTLILILILI;PZKOFTLILILI;0.372;True;0.000;7;0.000;14;;False;False
 Jesus ;PZKOFTLILILILI;P;-0.047;False;0.000;0;0.000;14;P;False;False
 Jesus ;PZKOFTLILILILI;PZ;0.144;False;0.000;0;0.000;14;Z;False;False
 Jesus ;PZKOFTLILILILI;PZK;0.550;False;0.000;0;0.000;14;K;False;False
 Jesus ;PZKOFTLILILILI;PZKO;0.692;False;0.000;0;0.000;14;O;False;False
 Jesus ;PZKOFTLILILILI;PZKOF;0.599;False;0.000;0;0.000;14;F;False;False
 Jesus ;PZKOFTLILILILI;PZKOFT;0.339;False;0.000;0;0.000;14;T;False;False
 Jesus ;PZKOFTLILILILI;PZKOFTL;0.461;False;0.000;0;0.000;14;L;False;False
 Jesus ;PZKOFTLILILILI;PZKOFTLI;0.680;False;0.000;0;0.000;14;I;False;False
 Jesus ;PZKOFTLILILILI;PZKOFTLIL;0.279;False;0.000;0;0.000;14;L;False;False
 Jesus ;PZKOFTLILILILI;PZKOFTLILI;0.420;False;0.000;0;0.000;14;I;False;False
 Jesus ;PZKOFTLILILILI;PZKOFTLILIL;0.290;False;0.000;0;0.000;14;L;False;False
 Jesus ;PZKOFTLILILILI;PZKOFTLILILI;0.391;False;0.000;0;0.000;14;I;False;False
Jesus;PZKOFTLILILILI;PZKOFTLILILI;0.401;True;10.927;7;0.000;14;;False;False
 Jesus ;PZKOFTLILILILI;P;0.082;False;0.000;0;0.000;14;P;False;False
 Jesus ;PZKOFTLILILILI;PZ;0.560;False;0.000;0;0.000;14;Z;False;False
 Jesus ;PZKOFTLILILILI;PZK;0.681;False;0.000;0;0.000;14;K;False;False
 Jesus ;PZKOFTLILILILI;PZKO;0.462;False;0.000;0;0.000;14;O;False;False
 Jesus ;PZKOFTLILILILI;PZKOF;0.430;False;0.000;0;0.000;14;F;False;False
 Jesus ;PZKOFTLILILILI;PZKOFT;0.328;False;0.000;0;0.000;14;T;False;False
 Jesus ;PZKOFTLILILILI;PZKOFTL;0.699;False;0.000;0;0.000;14;L;False;False
 Jesus ;PZKOFTLILILILI;PZKOFTLI;0.480;False;0.000;0;0.000;14;I;False;False
 Jesus ;PZKOFTLILILILI;PZKOFTLIL;0.700;False;0.000;0;0.000;14;L;False;False
 Jesus ;PZKOFTLILILILI;PZKOFTLILI;0.338;False;0.000;0;0.000;14;I;False;False
 Jesus ;PZKOFTLILILILI;PZKOFTLILIL;0.418;False;0.000;0;0.000;14;L;False;False
 Jesus ;PZKOFTLILILILI;PZKOFTLILILI;0.559;False;0.000;0;0.000;14;I;False;False
 Jesus ;PZKOFTLILILILI;PZKOFTLILILIL;0.300;False;0.000;0;0.000;14;L;False;False
 Jesus ;PZKOFTLILILILI;PZKOFTLILILILI;0.400;False;0.000;0;0.000;14;I;False;False
Jesus;PZKOFTLILILILI;PZKOFTLILILILI;0.341;False;7.242;8;20.922;14;;False;True
 Jesus ;PELIAGUDO;P;-0.167;False;0.000;0;0.000;9;P;False;False
 Jesus ;PELIAGUDO;PE;0.003;False;0.000;0;0.000;9;E;False;False
 Jesus ;PELIAGUDO;PEL;0.320;False;0.000;0;0.000;9;L;False;False
 Jesus ;PELIAGUDO;PELI;0.360;False;0.000;0;0.000;9;I;False;False
 Jesus ;PELIAGUDO;PELIA;0.259;False;0.000;0;0.000;9;A;False;False
 Jesus ;PELIAGUDO;PELIAG;0.490;False;0.000;0;0.000;9;G;False;False
 Jesus ;PELIAGUDO;PELIAGU;0.440;False;0.000;0;0.000;9;U;False;False
 Jesus ;PELIAGUDO;PELIAGUD;0.370;False;0.000;0;0.000;9;D;False;False
 Jesus ;PELIAGUDO;PELIAGUDO;0.469;False;0.000;0;0.000;9;O;False;False
Jesus;PELIAGUDO;PELIAGUDO;0.352;False;0.000;9;3.662;9;;False;True
 Jesus ;ZIZIZIHIZIZHIHIHI;Z;-0.369;False;0.000;0;0.000;17;Z;False;False
 Jesus ;ZIZIZIHIZIZHIHIHI;ZI;-0.199;False;0.000;0;0.000;17;I;False;False
 Jesus ;ZIZIZIHIZIZHIHIHI;ZIZ;0.326;False;0.000;0;0.000;17;Z;False;False
 Jesus ;ZIZIZIHIZIZHIHIHI;ZIZI;0.770;False;0.000;0;0.000;17;I;False;False
 Jesus ;ZIZIZIHIZIZHIHIHI;ZIZIZ;0.972;False;0.000;0;0.000;17;Z;False;False
 Jesus ;ZIZIZIHIZIZHIHIHI;ZIZIZI;0.911;False;0.000;0;0.000;17;I;False;False
 Jesus ;ZIZIZIHIZIZHIHIHI;ZIZIZIH;0.952;False;0.000;0;0.000;17;H;False;False
 Jesus ;ZIZIZIHIZIZHIHIHI;ZIZIZIHI;1.085;False;0.000;0;0.000;17;I;False;False
 Jesus ;ZIZIZIHIZIZHIHIHI;ZIZIZIHIZ;0.808;False;0.000;0;0.000;17;Z;False;False
 Jesus ;ZIZIZIHIZIZHIHIHI;ZIZIZIHIZI;0.988;False;0.000;0;0.000;17;I;False;False
 Jesus ;ZIZIZIHIZIZHIHIHI;ZIZIZIHIZIZ;0.332;False;0.000;0;0.000;17;Z;False;False
 Jesus ;ZIZIZIHIZIZHIHIHI;ZIZIZIHIZIZH;0.919;False;0.000;0;0.000;17;H;False;False
 Jesus ;ZIZIZIHIZIZHIHIHI;ZIZIZIHIZIZHI;1.025;False;0.000;0;0.000;17;I;False;False
 Jesus ;ZIZIZIHIZIZHIHIHI;ZIZIZIHIZIZHIH;0.319;False;0.000;0;0.000;17;H;False;False
 Jesus ;ZIZIZIHIZIZHIHIHI;ZIZIZIHIZIZHIHI;0.354;False;0.000;0;0.000;17;I;False;False
 Jesus ;ZIZIZIHIZIZHIHIHI;ZIZIZIHIZIZHIHIH;0.250;False;0.000;0;0.000;17;H;False;False
 Jesus ;ZIZIZIHIZIZHIHIHI;ZIZIZIHIZIZHIHIHI;0.350;False;0.000;0;0.000;17;I;False;False
Jesus;ZIZIZIHIZIZHIHIHI;ZIZIZIHIZIZHIHIHI;0.411;False;0.000;10;7.984;17;;False;True
Cristhian ;DIMENSION;D;-0.137;False;0.000;0;0.000;9;D;False;False
Cristhian ;DIMENSION;DI;-0.035;False;0.000;0;0.000;9;I;False;False
Cristhian ;DIMENSION;DIM;0.279;False;0.000;0;0.000;9;M;False;False
Cristhian ;DIMENSION;DIME;0.318;False;0.000;0;0.000;9;E;False;False
Cristhian ;DIMENSION;DIMEN;0.281;False;0.000;0;0.000;9;N;False;False
Cristhian ;DIMENSION;DIMENS;0.228;False;0.000;0;0.000;9;S;False;False
Cristhian ;DIMENSION;DIMENSI;0.368;False;0.000;0;0.000;9;I;False;False
Cristhian ;DIMENSION;DIMENSIO;0.243;False;0.000;0;0.000;9;O;False;False
Cristhian ;DIMENSION;DIMENSION;0.250;False;0.000;0;0.000;9;N;False;False
Cristhian ;DIMENSION;DIMENSION;0.542;False;0.000;11;9.490;9;;False;True
 Cristhian  ;CORRECCION;C;-0.461;False;0.000;0;0.000;10;C;False;False
 Cristhian  ;CORRECCION;CO;-0.318;False;0.000;0;0.000;10;O;False;False
 Cristhian  ;CORRECCION;COR;0.257;False;0.000;0;0.000;10;R;False;False
 Cristhian  ;CORRECCION;CORR;0.428;False;0.000;0;0.000;10;R;False;False
 Cristhian  ;CORRECCION;CORRE;0.270;False;0.000;0;0.000;10;E;False;False
 Cristhian  ;CORRECCION;CORREC;0.300;False;0.000;0;0.000;10;C;False;False
 Cristhian  ;CORRECCION;CORRECC;0.500;False;0.000;0;0.000;10;C;False;False
 Cristhian  ;CORRECCION;CORRECCI;0.389;False;0.000;0;0.000;10;I;False;False
 Cristhian  ;CORRECCION;CORRECCIO;0.290;False;0.000;0;0.000;10;O;False;False
 Cristhian  ;CORRECCION;CORRECCION;0.250;False;0.000;0;0.000;10;N;False;False
Cristhian;CORRECCION;CORRECCION;0.380;False;0.000;12;3.580;10;;False;True
 Cristhian ;PASION;P;-0.269;False;0.000;0;0.000;6;P;False;False
 Cristhian ;PASION;PA;-0.090;False;0.000;0;0.000;6;A;False;False
 Cristhian ;PASION;PAS;0.301;False;0.000;0;0.000;6;S;False;False
 Cristhian ;PASION;PASI;0.401;False;0.000;0;0.000;6;I;False;False
 Cristhian ;PASION;PASIO;0.501;False;0.000;0;0.000;6;O;False;False
 Cristhian ;PASION;PASION;0.164;False;0.000;0;0.000;6;N;False;False
Cristhian;PASION;PASION;0.542;False;0.000;13;2.863;6;;False;True
 Cristhian ;PRESION;P;-0.335;False;0.000;0;0.000;7;P;False;False
 Cristhian ;PRESION;PR;-0.180;False;0.000;0;0.000;7;R;False;False
 Cristhian ;PRESION;PRE;0.239;False;0.000;0;0.000;7;E;False;False
 Cristhian ;PRESION;PRES;0.342;False;0.000;0;0.000;7;S;False;False
 Cristhian ;PRESION;PRESI;0.503;False;0.000;0;0.000;7;I;False;False
 Cristhian ;PRESION;PRESIO;0.268;False;0.000;0;0.000;7;O;False;False
 Cristhian ;PRESION;PRESION;0.440;False;0.000;0;0.000;7;N;False;False
Cristhian;PRESION;PRESION;0.352;False;0.000;14;2.939;7;;False;True
 Cristhian ;PRECISION;P;-0.389;False;0.000;0;0.000;9;P;False;False
 Cristhian ;PRECISION;PR;-0.249;False;0.000;0;0.000;9;R;False;False
 Cristhian ;PRECISION;PRE;0.242;False;0.000;0;0.000;9;E;False;False
 Cristhian ;PRECISION;PREC;0.718;False;0.000;0;0.000;9;C;False;False
 Cristhian ;PRECISION;PRECI;0.939;False;0.000;0;0.000;9;I;False;False
 Cristhian ;PRECISION;PRECIS;0.449;False;0.000;0;0.000;9;S;False;False
 Cristhian ;PRECISION;PRECISI;0.376;False;0.000;0;0.000;9;I;False;False
 Cristhian ;PRECISION;PRECISIO;0.260;False;0.000;0;0.000;9;O;False;False
 Cristhian ;PRECISION;PRECISION;0.232;False;0.000;0;0.000;9;N;False;False
Cristhian;PRECISION;PRECISION;0.372;False;0.000;15;3.545;9;;False;True
 Cristhian ;PRIVACION;P;-0.403;False;0.000;0;0.000;9;P;False;False
 Cristhian ;PRIVACION;PR;-0.214;False;0.000;0;0.000;9;R;False;False
 Cristhian ;PRIVACION;PRI;0.289;False;0.000;0;0.000;9;I;False;False
 Cristhian ;PRIVACION;PRIV;0.611;False;0.000;0;0.000;9;V;False;False
 Cristhian ;PRIVACION;PRIVA;0.721;False;0.000;0;0.000;9;A;False;False
 Cristhian ;PRIVACION;PRIVAC;0.302;False;0.000;0;0.000;9;C;False;False
 Cristhian ;PRIVACION;PRIVACI;0.340;False;0.000;0;0.000;9;I;False;False
 Cristhian ;PRIVACION;PRIVACIO;0.400;False;0.000;0;0.000;9;O;False;False
 Cristhian ;PRIVACION;PRIVACION;0.349;False;0.000;0;0.000;9;N;False;False
Cristhian;PRIVACION;PRIVACION;0.412;False;0.000;16;3.536;9;;False;True
 Cristhian ;TRADICION;T;-0.264;False;0.000;0;0.000;9;T;False;False
 Cristhian ;TRADICION;TR;-0.092;False;0.000;0;0.000;9;R;False;False
 Cristhian ;TRADICION;TRA;0.268;False;0.000;0;0.000;9;A;False;False
 Cristhian ;TRADICION;TRAD;0.851;False;0.000;0;0.000;9;D;False;False
 Cristhian ;TRADICION;TRADI;1.031;False;0.000;0;0.000;9;I;False;False
 Cristhian ;TRADICION;TRADIC;0.359;False;0.000;0;0.000;9;C;False;False
 Cristhian ;TRADICION;TRADICI;0.540;False;0.000;0;0.000;9;I;False;False
 Cristhian ;TRADICION;TRADICIO;0.644;False;0.000;0;0.000;9;O;False;False
 Cristhian ;TRADICION;TRADICION;0.252;False;0.000;0;0.000;9;N;False;False
Cristhian;TRADICION;TRADICION;0.321;False;0.000;17;4.338;9;;False;True
 Cristhian ;TENSION;T;-0.083;False;0.000;0;0.000;7;T;False;False
 Cristhian ;TENSION;TE;0.092;False;0.000;0;0.000;7;E;False;False
 Cristhian ;TENSION;TEN;0.225;False;0.000;0;0.000;7;N;False;False
 Cristhian ;TENSION;TENS;0.441;False;0.000;0;0.000;7;S;False;False
 Cristhian ;TENSION;TENSI;0.320;False;0.000;0;0.000;7;I;False;False
 Cristhian ;TENSION;TENSIO;0.249;False;0.000;0;0.000;7;O;False;False
 Cristhian ;TENSION;TENSION;0.248;False;0.000;0;0.000;7;N;False;False
Cristhian;TENSION;TENSION;0.378;False;0.000;18;3.056;7;;False;True
 Cristhian ;COMPOSICION;C;-0.329;False;0.000;0;0.000;11;C;False;False
 Cristhian ;COMPOSICION;CO;-0.209;False;0.000;0;0.000;11;O;False;False
 Cristhian ;COMPOSICION;COM;0.320;False;0.000;0;0.000;11;M;False;False
 Cristhian ;COMPOSICION;COMP;0.350;False;0.000;0;0.000;11;P;False;False
 Cristhian ;COMPOSICION;COMPO;0.320;False;0.000;0;0.000;11;O;False;False
 Cristhian ;COMPOSICION;COMPOS;0.289;False;0.000;0;0.000;11;S;False;False
 Cristhian ;COMPOSICION;COMPOSI;0.430;False;0.000;0;0.000;11;I;False;False
 Cristhian ;COMPOSICION;COMPOSIC;0.309;False;0.000;0;0.000;11;C;False;False
 Cristhian ;COMPOSICION;COMPOSICI;0.310;False;0.000;0;0.000;11;I;False;False
 Cristhian ;COMPOSICION;COMPOSICIO;0.243;False;0.000;0;0.000;11;O;False;False
 Cristhian ;COMPOSICION;COMPOSICION;0.346;False;0.000;0;0.000;11;N;False;False
Cristhian;COMPOSICION;COMPOSICION;0.348;False;0.000;19;3.388;11;;False;True
 Cristhian ;COMPRENSION;C;-0.427;False;0.000;0;0.000;11;C;False;False
 Cristhian ;COMPRENSION;CO;-0.257;False;0.000;0;0.000;11;O;False;False
 Cristhian ;COMPRENSION;COM;0.274;False;0.000;0;0.000;11;M;False;False
 Cristhian ;COMPRENSION;COMP;0.280;False;0.000;0;0.000;11;P;False;False
 Cristhian ;COMPRENSION;COMPR;0.375;False;0.000;0;0.000;11;R;False;False
 Cristhian ;COMPRENSION;COMPRE;0.319;False;0.000;0;0.000;11;E;False;False
 Cristhian ;COMPRENSION;COMPREN;0.279;False;0.000;0;0.000;11;N;False;False
 Cristhian ;COMPRENSION;COMPRENS;0.369;False;0.000;0;0.000;11;S;False;False
 Cristhian ;COMPRENSION;COMPRENSI;0.382;False;0.000;0;0.000;11;I;False;False
 Cristhian ;COMPRENSION;COMPRENSIO;0.339;False;0.000;0;0.000;11;O;False;False
 Cristhian ;COMPRENSION;COMPRENSION;0.237;False;0.000;0;0.000;11;N;False;False
Cristhian;COMPRENSION;COMPRENSION;0.362;False;0.000;19;0.000;11;;False;False
 Jesus ;ZANAHORIA;Shift;0.452;False;0.000;0;0.000;9;t;True;False
 Jesus ;ZANAHORIA;Z;0.632;False;0.000;0;0.000;9;Z;False;False
 Jesus ;ZANAHORIA;ZA;0.322;False;0.000;0;0.000;9;A;False;False
 Jesus ;ZANAHORIA;ZAN;0.444;False;0.000;0;0.000;9;N;False;False
 Jesus ;ZANAHORIA;ZANA;0.189;False;0.000;0;0.000;9;A;False;False
 Jesus ;ZANAHORIA;ZANAH;0.938;False;0.000;0;0.000;9;H;False;False
 Jesus ;ZANAHORIA;ZANAHO;1.113;False;0.000;0;0.000;9;O;False;False
 Jesus ;ZANAHORIA;ZANAHOR;1.201;False;0.000;0;0.000;9;R;False;False
 Jesus ;ZANAHORIA;ZANAHORI;0.433;False;0.000;0;0.000;9;I;False;False
 Jesus ;ZANAHORIA;ZANAHORIA;0.353;False;0.000;0;0.000;9;A;False;False
Jesus;ZANAHORIA;ZANAHORIA;0.733;False;0.000;1;5.312;9;;False;True
 Jesus ;PANTALON;P;0.014;False;0.000;0;0.000;8;P;False;False
 Jesus ;PANTALON;PA;0.134;False;0.000;0;0.000;8;A;False;False
 Jesus ;PANTALON;PAN;0.293;False;0.000;0;0.000;8;N;False;False
 Jesus ;PANTALON;PANT;0.328;False;0.000;0;0.000;8;T;False;False
 Jesus ;PANTALON;PANTA;0.441;False;0.000;0;0.000;8;A;False;False
 Jesus ;PANTALON;PANTAL;0.617;False;0.000;0;0.000;8;L;False;False
 Jesus ;PANTALON;PANTALO;0.804;False;0.000;0;0.000;8;O;False;False
 Jesus ;PANTALON;PANTALON;0.411;False;0.000;0;0.000;8;N;False;False
Jesus;PANTALON;PANTALON;0.469;False;0.000;2;4.026;8;;False;True
 Jesus ;PQINZLVNREUS;P;0.168;False;0.000;0;0.000;12;P;False;False
 Jesus ;PQINZLVNREUS;PQ;0.390;False;0.000;0;0.000;12;Q;False;False
 Jesus ;PQINZLVNREUS;PQI;0.496;False;0.000;0;0.000;12;I;False;False
 Jesus ;PQINZLVNREUS;PQIN;0.343;False;0.000;0;0.000;12;N;False;False
 Jesus ;PQINZLVNREUS;PQINZ;0.529;False;0.000;0;0.000;12;Z;False;False
 Jesus ;PQINZLVNREUS;PQINZL;0.580;False;0.000;0;0.000;12;L;False;False
 Jesus ;PQINZLVNREUS;PQINZLV;0.581;False;0.000;0;0.000;12;V;False;False
 Jesus ;PQINZLVNREUS;PQINZLVR;0.519;False;0.000;0;0.000;12;R;True;False
 Jesus ;PQINZLVNREUS;PQINZLVN;0.553;False;0.000;0;0.000;12;N;False;False
 Jesus ;PQINZLVNREUS;PQINZLVNR;0.660;False;0.000;0;0.000;12;R;False;False
 Jesus ;PQINZLVNREUS;PQINZLVNRE;0.759;False;0.000;0;0.000;12;E;False;False
 Jesus ;PQINZLVNREUS;PQINZLVNREU;0.435;False;0.000;0;0.000;12;U;False;False
 Jesus ;PQINZLVNREUS;PQINZLVNREUS;0.692;False;0.000;0;0.000;12;S;False;False
Jesus;PQINZLVNREUS;PQINZLVNREUS;0.484;False;0.000;3;6.438;12;;False;True
 Jesus ;MEDESCUAJRINGARE;M;0.018;False;0.000;0;0.000;16;M;False;False
 Jesus ;MEDESCUAJRINGARE;ME;0.170;False;0.000;0;0.000;16;E;False;False
 Jesus ;MEDESCUAJRINGARE;MED;0.370;False;0.000;0;0.000;16;D;False;False
 Jesus ;MEDESCUAJRINGARE;MEDE;0.353;False;0.000;0;0.000;16;E;False;False
 Jesus ;MEDESCUAJRINGARE;MEDES;0.423;False;0.000;0;0.000;16;S;False;False
 Jesus ;MEDESCUAJRINGARE;MEDESC;0.491;False;0.000;0;0.000;16;C;False;False
 Jesus ;MEDESCUAJRINGARE;MEDESCU;0.293;False;0.000;0;0.000;16;U;False;False
 Jesus ;MEDESCUAJRINGARE;MEDESCUA;0.455;False;0.000;0;0.000;16;A;False;False
 Jesus ;MEDESCUAJRINGARE;MEDESCUAJ;1.561;False;0.000;0;0.000;16;J;False;False
 Jesus ;MEDESCUAJRINGARE;MEDESCUAJE;1.774;False;0.000;0;0.000;16;E;True;False
 Jesus ;MEDESCUAJRINGARE;MEDESCUAJR;0.600;False;0.000;0;0.000;16;R;False;False
 Jesus ;MEDESCUAJRINGARE;MEDESCUAJRI;0.299;False;0.000;0;0.000;16;I;False;False
 Jesus ;MEDESCUAJRINGARE;MEDESCUAJRIN;0.491;False;0.000;0;0.000;16;N;False;False
 Jesus ;MEDESCUAJRINGARE;MEDESCUAJRING;1.128;False;0.000;0;0.000;16;G;False;False
 Jesus ;MEDESCUAJRINGARE;MEDESCUAJRINGA;1.185;False;0.000;0;0.000;16;A;False;False
 Jesus ;MEDESCUAJRINGARE;MEDESCUAJRINGAR;1.389;False;0.000;0;0.000;16;R;False;False
 Jesus ;MEDESCUAJRINGARE;MEDESCUAJRINGARE;0.322;False;0.000;0;0.000;16;E;False;False
Jesus;MEDESCUAJRINGARE;MEDESCUAJRINGARE;0.274;False;0.000;4;7.687;16;;False;True
 Jesus ;MEDESCORAZONARE;M;0.715;False;0.000;0;0.000;15;M;False;False
 Jesus ;MEDESCORAZONARE;ME;0.811;False;0.000;0;0.000;15;E;False;False
 Jesus ;MEDESCORAZONARE;MED;0.317;False;0.000;0;0.000;15;D;False;False
 Jesus ;MEDESCORAZONARE;MEDE;0.439;False;0.000;0;0.000;15;E;False;False
 Jesus ;MEDESCORAZONARE;MEDES;0.342;False;0.000;0;0.000;15;S;False;False
 Jesus ;MEDESCORAZONARE;MEDESC;0.451;False;0.000;0;0.000;15;C;False;False
 Jesus ;MEDESCORAZONARE;MEDESCO;0.503;False;0.000;0;0.000;15;O;False;False
 Jesus ;MEDESCORAZONARE;MEDESCOR;0.501;False;0.000;0;0.000;15;R;False;False
 Jesus ;MEDESCORAZONARE;MEDESCORA;0.403;False;0.000;0;0.000;15;A;False;False
 Jesus ;MEDESCORAZONARE;MEDESCORAZ;0.437;False;0.000;0;0.000;15;Z;False;False
 Jesus ;MEDESCORAZONARE;MEDESCORAZO;0.617;False;0.000;0;0.000;15;O;False;False
 Jesus ;MEDESCORAZONARE;MEDESCORAZON;0.314;False;0.000;0;0.000;15;N;False;False
 Jesus ;MEDESCORAZONARE;MEDESCORAZONA;0.500;False;0.000;0;0.000;15;A;False;False
 Jesus ;MEDESCORAZONARE;MEDESCORAZONAR;0.417;False;0.000;0;0.000;15;R;False;False
 Jesus ;MEDESCORAZONARE;MEDESCORAZONARE;0.325;False;0.000;0;0.000;15;E;False;False
Jesus;MEDESCORAZONARE;MEDESCORAZONARE;0.342;False;0.000;5;5.684;15;;False;True
 Jesus ;MIMIMIMIMIMI;M;-0.005;False;0.000;0;0.000;12;M;False;False
 Jesus ;MIMIMIMIMIMI;M,;0.009;False;0.000;0;0.000;12;,;True;False
 Jesus ;MIMIMIMIMIMI;MI;1.688;False;0.000;0;0.000;12;I;False;False
 Jesus ;MIMIMIMIMIMI;MIM;1.871;False;0.000;0;0.000;12;M;False;False
 Jesus ;MIMIMIMIMIMI;MIMI;0.444;False;0.000;0;0.000;12;I;False;False
 Jesus ;MIMIMIMIMIMI;MIMIM;0.388;False;0.000;0;0.000;12;M;False;False
 Jesus ;MIMIMIMIMIMI;MIMIMI;0.590;False;0.000;0;0.000;12;I;False;False
 Jesus ;MIMIMIMIMIMI;MIMIMIM;0.335;False;0.000;0;0.000;12;M;False;False
 Jesus ;MIMIMIMIMIMI;MIMIMIMI;0.492;False;0.000;0;0.000;12;I;False;False
 Jesus ;MIMIMIMIMIMI;MIMIMIMIM;0.357;False;0.000;0;0.000;12;M;False;False
 Jesus ;MIMIMIMIMIMI;MIMIMIMIMI;0.406;False;0.000;0;0.000;12;I;False;False
 Jesus ;MIMIMIMIMIMI;MIMIMIMIMIM;0.386;False;0.000;0;0.000;12;M;False;False
 Jesus ;MIMIMIMIMIMI;MIMIMIMIMIMI;0.387;False;0.000;0;0.000;12;I;False;False
Jesus;MIMIMIMIMIMI;MIMIMIMIMIMI;0.304;False;0.000;6;5.805;12;;False;True
 Jesus ;QWMNZP;Q;-0.218;False;0.000;0;0.000;6;Q;False;False
 Jesus ;QWMNZP;QW;0.339;False;0.000;0;0.000;6;W;False;False
 Jesus ;QWMNZP;QWM;1.755;False;0.000;0;0.000;6;M;False;False
 Jesus ;QWMNZP;QWMN;2.003;False;0.000;0;0.000;6;N;False;False
 Jesus ;QWMNZP;QWMNZ;0.347;False;0.000;0;0.000;6;Z;False;False
 Jesus ;QWMNZP;QWMNZP;0.600;False;0.000;0;0.000;6;P;False;False
Jesus;QWMNZP;QWMNZP;0.378;False;0.000;7;4.495;6;;False;True
Cristhian ;ZANAHORIA;Z;0.151;False;0.000;0;0.000;9;Z;False;False
Cristhian ;ZANAHORIA;ZA;0.257;False;0.000;0;0.000;9;A;False;False
Cristhian ;ZANAHORIA;ZAN;0.279;False;0.000;0;0.000;9;N;False;False
 Jesus ;PZKOFTLILILILI;P;0.101;False;0.000;0;0.000;14;P;False;False
Cristhian ;ZANAHORIA;ZANA;0.314;False;0.000;0;0.000;9;A;False;False
Cristhian ;ZANAHORIA;ZANAH;0.259;False;0.000;0;0.000;9;H;False;False
 Jesus ;PZKOFTLILILILI;PZ;0.285;False;0.000;0;0.000;14;Z;False;False
Cristhian ;ZANAHORIA;ZANAHO;0.270;False;0.000;0;0.000;9;O;False;False
Cristhian ;ZANAHORIA;ZANAHOR;0.290;False;0.000;0;0.000;9;R;False;False
Cristhian ;ZANAHORIA;ZANAHORI;0.293;False;0.000;0;0.000;9;I;False;False
Cristhian ;ZANAHORIA;ZANAHORIA;0.299;False;0.000;0;0.000;9;A;False;False
 Jesus ;PZKOFTLILILILI;PZK;0.822;False;0.000;0;0.000;14;K;False;False
 Jesus ;PZKOFTLILILILI;PZKO;0.319;False;0.000;0;0.000;14;O;False;False
 Jesus ;PZKOFTLILILILI;PZKOF;0.935;False;0.000;0;0.000;14;F;False;False
 Jesus ;PZKOFTLILILILI;PZKOFT;1.152;False;0.000;0;0.000;14;T;False;False
 Jesus ;PZKOFTLILILILI;PZKOFTL;0.675;False;0.000;0;0.000;14;L;False;False
 Jesus ;PZKOFTLILILILI;PZKOFTLI;0.933;False;0.000;0;0.000;14;I;False;False
 Jesus ;PZKOFTLILILILI;PZKOFTLIL;0.481;False;0.000;0;0.000;14;L;False;False
 Jesus ;PZKOFTLILILILI;PZKOFTLILI;0.447;False;0.000;0;0.000;14;I;False;False
 Jesus ;PZKOFTLILILILI;PZKOFTLILIL;0.489;False;0.000;0;0.000;14;L;False;False
 Jesus ;PZKOFTLILILILI;PZKOFTLILILI;0.499;False;0.000;0;0.000;14;I;False;False
 Jesus ;PZKOFTLILILILI;PZKOFTLILILIL;0.431;False;0.000;0;0.000;14;L;False;False
 Jesus ;PZKOFTLILILILI;PZKOFTLILILILI;0.377;False;0.000;0;0.000;14;I;False;False
Jesus;PZKOFTLILILILI;PZKOFTLILILILI;0.290;False;0.000;8;6.739;14;;False;True
 Jesus ;PELIAGUDO;P;0.054;False;0.000;0;0.000;9;P;False;False
 Jesus ;PELIAGUDO;PE;0.218;False;0.000;0;0.000;9;E;False;False
 Jesus ;PELIAGUDO;PEL;0.287;False;0.000;0;0.000;9;L;False;False
 Jesus ;PELIAGUDO;PELI;0.357;False;0.000;0;0.000;9;I;False;False
 Jesus ;PELIAGUDO;PELIA;0.359;False;0.000;0;0.000;9;A;False;False
 Jesus ;PELIAGUDO;PELIAG;0.669;False;0.000;0;0.000;9;G;False;False
 Jesus ;PELIAGUDO;PELIAGU;0.841;False;0.000;0;0.000;9;U;False;False
 Jesus ;PELIAGUDO;PELIAGUD;0.927;False;0.000;0;0.000;9;D;False;False
Cristhian ;ZANAHORIA;ZANAHORIA;7.457;False;0.000;1;12.966;9;;False;True
 Jesus ;PELIAGUDO;PELIAGUDO;0.449;False;0.000;0;0.000;9;O;False;False
Jesus;PELIAGUDO;PELIAGUDO;0.434;False;0.000;9;3.549;9;;False;True
 Jesus ;ZIZIZIHIZIZHIHIHI;Z;-0.158;False;0.000;0;0.000;17;Z;False;False
 Jesus ;ZIZIZIHIZIZHIHIHI;ZI;0.111;False;0.000;0;0.000;17;I;False;False
 Jesus ;ZIZIZIHIZIZHIHIHI;ZIZ;0.435;False;0.000;0;0.000;17;Z;False;False
 Jesus ;ZIZIZIHIZIZHIHIHI;ZIZI;0.368;False;0.000;0;0.000;17;I;False;False
 Jesus ;ZIZIZIHIZIZHIHIHI;ZIZIZ;0.518;False;0.000;0;0.000;17;Z;False;False
 Jesus ;ZIZIZIHIZIZHIHIHI;ZIZIZI;0.375;False;0.000;0;0.000;17;I;False;False
 Jesus ;ZIZIZIHIZIZHIHIHI;ZIZIZIH;1.198;False;0.000;0;0.000;17;H;False;False
 Jesus ;ZIZIZIHIZIZHIHIHI;ZIZIZIHI;1.336;False;0.000;0;0.000;17;I;False;False
 Jesus ;ZIZIZIHIZIZHIHIHI;ZIZIZIHIZ;1.097;False;0.000;0;0.000;17;Z;False;False
 Jesus ;ZIZIZIHIZIZHIHIHI;ZIZIZIHIZI;1.331;False;0.000;0;0.000;17;I;False;False
 Jesus ;ZIZIZIHIZIZHIHIHI;ZIZIZIHIZIZ;0.365;False;0.000;0;0.000;17;Z;False;False
 Jesus ;ZIZIZIHIZIZHIHIHI;ZIZIZIHIZIZH;0.841;False;0.000;0;0.000;17;H;False;False
 Jesus ;ZIZIZIHIZIZHIHIHI;ZIZIZIHIZIZHI;1.073;False;0.000;0;0.000;17;I;False;False
 Jesus ;ZIZIZIHIZIZHIHIHI;ZIZIZIHIZIZHIH;0.447;False;0.000;0;0.000;17;H;False;False
 Jesus ;ZIZIZIHIZIZHIHIHI;ZIZIZIHIZIZHIHI;0.481;False;0.000;0;0.000;17;I;False;False
 Jesus ;ZIZIZIHIZIZHIHIHI;ZIZIZIHIZIZHIHIH;0.482;False;0.000;0;0.000;17;H;False;False
 Jesus ;ZIZIZIHIZIZHIHIHI;ZIZIZIHIZIZHIHIHI;0.412;False;0.000;0;0.000;17;I;False;False
Jesus;ZIZIZIHIZIZHIHIHI;ZIZIZIHIZIZHIHIHI;0.430;False;0.000;10;7.827;17;;False;True
 Cristhian  ;PANTALON;P;0.014;False;0.000;0;0.000;8;P;False;False
 Jesus ;DIMENSION;D;-0.024;False;0.000;0;0.000;9;D;False;False
 Cristhian  ;PANTALON;PA;0.166;False;0.000;0;0.000;8;A;False;False
 Jesus ;DIMENSION;DI;0.131;False;0.000;0;0.000;9;I;False;False
 Cristhian  ;PANTALON;PAN;0.292;False;0.000;0;0.000;8;N;False;False
 Jesus ;DIMENSION;DIM;0.258;False;0.000;0;0.000;9;M;False;False
 Cristhian  ;PANTALON;PANA;0.249;False;0.000;0;0.000;8;A;True;False
 Jesus ;DIMENSION;DIME;0.200;False;0.000;0;0.000;9;E;False;False
 Jesus ;DIMENSION;DIMEN;0.161;False;0.000;0;0.000;9;N;False;False
 Jesus ;DIMENSION;DIMENS;0.427;False;0.000;0;0.000;9;S;False;False
 Jesus ;DIMENSION;DIMENSI;0.414;False;0.000;0;0.000;9;I;False;False
 Jesus ;DIMENSION;DIMENSIO;0.313;False;0.000;0;0.000;9;O;False;False
 Jesus ;DIMENSION;DIMENSION;0.373;False;0.000;0;0.000;9;N;False;False
Jesus;DIMENSION;DIMENSION;0.462;False;0.000;11;2.946;9;;False;True
 Cristhian  ;PANTALON;PANT;1.300;False;0.000;0;0.000;8;T;False;False
 Cristhian  ;PANTALON;PANTA;1.405;False;0.000;0;0.000;8;A;False;False
 Cristhian  ;PANTALON;PANTAL;0.365;False;0.000;0;0.000;8;L;False;False
 Cristhian  ;PANTALON;PANTALO;0.576;False;0.000;0;0.000;8;O;False;False
 Cristhian  ;PANTALON;PANTALON;0.390;False;0.000;0;0.000;8;N;False;False
 Jesus ;CORRECCION;C;-0.129;False;0.000;0;0.000;10;C;False;False
 Jesus ;CORRECCION;CO;0.018;False;0.000;0;0.000;10;O;False;False
 Jesus ;CORRECCION;COR;0.347;False;0.000;0;0.000;10;R;False;False
Cristhian;PANTALON;PANTALON;0.591;False;0.000;2;12.744;8;;False;True
 Jesus ;CORRECCION;CORE;0.302;False;0.000;0;0.000;10;E;True;False
 Jesus ;CORRECCION;CORR;0.615;False;0.000;0;0.000;10;R;False;False
 Jesus ;CORRECCION;CORRE;0.671;False;0.000;0;0.000;10;E;False;False
 Jesus ;CORRECCION;CORREC;0.266;False;0.000;0;0.000;10;C;False;False
 Jesus ;CORRECCION;CORRECC;0.449;False;0.000;0;0.000;10;C;False;False
 Jesus ;CORRECCION;CORRECCI;0.378;False;0.000;0;0.000;10;I;False;False
 Jesus ;CORRECCION;CORRECCIO;0.325;False;0.000;0;0.000;10;O;False;False
 Jesus ;CORRECCION;CORRECCION;0.415;False;0.000;0;0.000;10;N;False;False
Jesus;CORRECCION;CORRECCION;0.499;False;0.000;12;3.563;10;;False;True
 Cristhian ;PQINZLVNREUS;P;0.261;False;0.000;0;0.000;12;P;False;False
 Cristhian ;PQINZLVNREUS;PQ;0.814;False;0.000;0;0.000;12;Q;False;False
 Cristhian ;PQINZLVNREUS;PQI;1.024;False;0.000;0;0.000;12;I;False;False
 Cristhian ;PQINZLVNREUS;PQIN;0.350;False;0.000;0;0.000;12;N;False;False
 Jesus ;PASION;P;0.044;False;0.000;0;0.000;6;P;False;False
 Jesus ;PASION;PA;0.153;False;0.000;0;0.000;6;A;False;False
 Jesus ;PASION;PAS;0.239;False;0.000;0;0.000;6;S;False;False
 Jesus ;PASION;PASI;0.280;False;0.000;0;0.000;6;I;False;False
 Cristhian ;PQINZLVNREUS;PQINZ;1.206;False;0.000;0;0.000;12;Z;False;False
 Jesus ;PASION;PASIO;0.323;False;0.000;0;0.000;6;O;False;False
 Jesus ;PASION;PASION;0.523;False;0.000;0;0.000;6;N;False;False
 Cristhian ;PQINZLVNREUS;PQINZL;0.458;False;0.000;0;0.000;12;L;False;False
Jesus;PASION;PASION;0.512;False;0.000;13;3.227;6;;False;True
 Cristhian ;PQINZLVNREUS;PQINZLV;0.679;False;0.000;0;0.000;12;V;False;False
 Cristhian ;PQINZLVNREUS;PQINZLVN;0.270;False;0.000;0;0.000;12;N;False;False
 Cristhian ;PQINZLVNREUS;PQINZLVNR;0.350;False;0.000;0;0.000;12;R;False;False
 Jesus ;PRESION;P;0.011;False;0.000;0;0.000;7;P;False;False
 Jesus ;PRESION;PR;0.068;False;0.000;0;0.000;7;R;False;False
 Jesus ;PRESION;PRE;0.122;False;0.000;0;0.000;7;E;False;False
 Jesus ;PRESION;PRES;0.371;False;0.000;0;0.000;7;S;False;False
 Jesus ;PRESION;PRESI;0.635;False;0.000;0;0.000;7;I;False;False
 Jesus ;PRESION;PRESIO;0.453;False;0.000;0;0.000;7;O;False;False
 Jesus ;PRESION;PRESION;0.378;False;0.000;0;0.000;7;N;False;False
 Cristhian ;PQINZLVNREUS;PQINZLVNRE;1.393;False;0.000;0;0.000;12;E;False;False
Jesus;PRESION;PRESION;0.315;False;0.000;14;2.678;7;;False;True
 Cristhian ;PQINZLVNREUS;PQINZLVNREU;0.660;False;0.000;0;0.000;12;U;False;False
 Cristhian ;PQINZLVNREUS;PQINZLVNREUS;0.780;False;0.000;0;0.000;12;S;False;False
 Jesus ;PRECISION;P;0.033;False;0.000;0;0.000;9;P;False;False
 Jesus ;PRECISION;PR;0.125;False;0.000;0;0.000;9;R;False;False
Cristhian;PQINZLVNREUS;PQINZLVNREUS;0.763;False;0.000;3;9.421;12;;False;True
 Jesus ;PRECISION;PRE;0.192;False;0.000;0;0.000;9;E;False;False
 Jesus ;PRECISION;PREC;0.210;False;0.000;0;0.000;9;C;False;False
 Jesus ;PRECISION;PRECI;0.347;False;0.000;0;0.000;9;I;False;False
 Jesus ;PRECISION;PRECIS;0.399;False;0.000;0;0.000;9;S;False;False
 Jesus ;PRECISION;PRECISI;0.528;False;0.000;0;0.000;9;I;False;False
 Jesus ;PRECISION;PRECISIO;0.299;False;0.000;0;0.000;9;O;False;False
 Jesus ;PRECISION;PRECISION;0.388;False;0.000;0;0.000;9;N;False;False
Jesus;PRECISION;PRECISION;0.432;False;0.000;15;2.838;9;;False;True
 Cristhian ;MEDESCUAJRINGARE;M;0.226;False;0.000;0;0.000;16;M;False;False
 Jesus ;PRIVACION;P;-0.006;False;0.000;0;0.000;9;P;False;False
 Jesus ;PRIVACION;PR;0.090;False;0.000;0;0.000;9;R;False;False
 Jesus ;PRIVACION;PRI;0.344;False;0.000;0;0.000;9;I;False;False
 Jesus ;PRIVACION;PRIV;0.615;False;0.000;0;0.000;9;V;False;False
 Jesus ;PRIVACION;PRIVA;0.400;False;0.000;0;0.000;9;A;False;False
 Jesus ;PRIVACION;PRIVAC;0.528;False;0.000;0;0.000;9;C;False;False
 Jesus ;PRIVACION;PRIVACI;0.391;False;0.000;0;0.000;9;I;False;False
 Jesus ;PRIVACION;PRIVACIO;0.352;False;0.000;0;0.000;9;O;False;False
 Cristhian ;MEDESCUAJRINGARE;ME;1.523;False;0.000;0;0.000;16;E;False;False
 Jesus ;PRIVACION;PRIVACION;0.363;False;0.000;0;0.000;9;N;False;False
Jesus;PRIVACION;PRIVACION;0.267;False;0.000;16;3.098;9;;False;True
 Cristhian ;MEDESCUAJRINGARE;MED;0.438;False;0.000;0;0.000;16;D;False;False
 Cristhian ;MEDESCUAJRINGARE;MEDE;0.543;False;0.000;0;0.000;16;E;False;False
 Cristhian ;MEDESCUAJRINGARE;MEDES;0.406;False;0.000;0;0.000;16;S;False;False
 Cristhian ;MEDESCUAJRINGARE;MEDESC;0.370;False;0.000;0;0.000;16;C;False;False
 Cristhian ;MEDESCUAJRINGARE;MEDESCU;0.571;False;0.000;0;0.000;16;U;False;False
 Jesus ;TRADICION;T;0.060;False;0.000;0;0.000;9;T;False;False
 Jesus ;TRADICION;TR;0.305;False;0.000;0;0.000;9;R;False;False
 Jesus ;TRADICION;TRA;0.433;False;0.000;0;0.000;9;A;False;False
 Jesus ;TRADICION;TRAD;0.722;False;0.000;0;0.000;9;D;False;False
 Jesus ;TRADICION;TRADI;0.913;False;0.000;0;0.000;9;I;False;False
 Jesus ;TRADICION;TRADIC;0.974;False;0.000;0;0.000;9;C;False;False
 Cristhian ;MEDESCUAJRINGARE;MEDESCUA;1.632;False;0.000;0;0.000;16;A;False;False
 Jesus ;TRADICION;TRADICI;0.280;False;0.000;0;0.000;9;I;False;False
 Cristhian ;MEDESCUAJRINGARE;MEDESCUAJ;0.290;False;0.000;0;0.000;16;J;False;False
 Jesus ;TRADICION;TRADICIO;0.534;False;0.000;0;0.000;9;O;False;False
 Jesus ;TRADICION;TRADICION;0.715;False;0.000;0;0.000;9;N;False;False
Jesus;TRADICION;TRADICION;0.316;False;0.000;17;4.045;9;;False;True
 Cristhian ;MEDESCUAJRINGARE;MEDESCUAJR;1.373;False;0.000;0;0.000;16;R;False;False
 Cristhian ;MEDESCUAJRINGARE;MEDESCUAJRI;1.444;False;0.000;0;0.000;16;I;False;False
 Cristhian ;MEDESCUAJRINGARE;MEDESCUAJRIN;0.261;False;0.000;0;0.000;16;N;False;False
 Cristhian ;MEDESCUAJRINGARE;MEDESCUAJRING;0.618;False;0.000;0;0.000;16;G;False;False
 Jesus ;TENSION;T;-0.076;False;0.000;0;0.000;7;T;False;False
 Jesus ;TENSION;TE;0.015;False;0.000;0;0.000;7;E;False;False
 Cristhian ;MEDESCUAJRINGARE;MEDESCUAJRINGA;0.253;False;0.000;0;0.000;16;A;False;False
 Jesus ;TENSION;TEN;0.167;False;0.000;0;0.000;7;N;False;False
 Jesus ;TENSION;TENS;0.353;False;0.000;0;0.000;7;S;False;False
 Jesus ;TENSION;TENSI;0.403;False;0.000;0;0.000;7;I;False;False
 Jesus ;TENSION;TENSIO;0.296;False;0.000;0;0.000;7;O;False;False
 Cristhian ;MEDESCUAJRINGARE;MEDESCUAJRINGAR;0.507;False;0.000;0;0.000;16;R;False;False
 Cristhian ;MEDESCUAJRINGARE;MEDESCUAJRINGARE;0.647;False;0.000;0;0.000;16;E;False;False
 Jesus ;TENSION;TENSION;0.379;False;0.000;0;0.000;7;N;False;False
Jesus;TENSION;TENSION;0.518;False;0.000;18;2.527;7;;False;True
Cristhian;MEDESCUAJRINGARE;MEDESCUAJRINGARE;0.773;False;0.000;4;11.452;16;;False;True
 Jesus ;COMPOSICION;C;0.448;False;0.000;0;0.000;11;C;False;False
 Jesus ;COMPOSICION;CO;0.703;False;0.000;0;0.000;11;O;False;False
 Cristhian ;MEDESCORAZONARE;M;-0.131;False;0.000;0;0.000;15;M;False;False
 Jesus ;COMPOSICION;COM;0.496;False;0.000;0;0.000;11;M;False;False
 Cristhian ;MEDESCORAZONARE;ME;0.051;False;0.000;0;0.000;15;E;False;False
 Jesus ;COMPOSICION;COMP;0.408;False;0.000;0;0.000;11;P;False;False
 Cristhian ;MEDESCORAZONARE;MED;0.498;False;0.000;0;0.000;15;D;False;False
 Jesus ;COMPOSICION;COMPO;0.669;False;0.000;0;0.000;11;O;False;False
 Cristhian ;MEDESCORAZONARE;MEDE;0.638;False;0.000;0;0.000;15;E;False;False
 Jesus ;COMPOSICION;COMPOS;0.388;False;0.000;0;0.000;11;S;False;False
 Jesus ;COMPOSICION;COMPOSI;0.525;False;0.000;0;0.000;11;I;False;False
 Jesus ;COMPOSICION;COMPOSIC;0.369;False;0.000;0;0.000;11;C;False;False
 Cristhian ;MEDESCORAZONARE;MEDES;0.549;False;0.000;0;0.000;15;S;False;False
 Jesus ;COMPOSICION;COMPOSICI;0.579;False;0.000;0;0.000;11;I;False;False
 Jesus ;COMPOSICION;COMPOSICIO;0.813;False;0.000;0;0.000;11;O;False;False
 Cristhian ;MEDESCORAZONARE;MEDESC;0.755;False;0.000;0;0.000;15;C;False;False
 Cristhian ;MEDESCORAZONARE;MEDESCO;0.934;False;0.000;0;0.000;15;O;False;False
 Jesus ;COMPOSICION;COMPOSICION;0.310;False;0.000;0;0.000;11;N;False;False
 Cristhian ;MEDESCORAZONARE;MEDESCOR;0.304;False;0.000;0;0.000;15;R;False;False
Jesus;COMPOSICION;COMPOSICION;0.296;False;0.000;19;5.007;11;;False;True
 Cristhian ;MEDESCORAZONARE;MEDESCORA;0.479;False;0.000;0;0.000;15;A;False;False
 Cristhian ;MEDESCORAZONARE;MEDESCORAZ;0.743;False;0.000;0;0.000;15;Z;False;False
 Cristhian ;MEDESCORAZONARE;MEDESCORAZO;0.336;False;0.000;0;0.000;15;O;False;False
 Cristhian ;MEDESCORAZONARE;MEDESCORAZON;0.494;False;0.000;0;0.000;15;N;False;False
 Cristhian ;MEDESCORAZONARE;MEDESCORAZONA;0.306;False;0.000;0;0.000;15;A;False;False
 Jesus ;COMPRENSION;C;0.005;False;0.000;0;0.000;11;C;False;False
 Jesus ;COMPRENSION;CO;0.187;False;0.000;0;0.000;11;O;False;False
 Jesus ;COMPRENSION;COM;0.419;False;0.000;0;0.000;11;M;False;False
 Jesus ;COMPRENSION;COMP;0.417;False;0.000;0;0.000;11;P;False;False
 Jesus ;COMPRENSION;COMPR;0.322;False;0.000;0;0.000;11;R;False;False
 Cristhian ;MEDESCORAZONARE;MEDESCORAZONAR;1.508;False;0.000;0;0.000;15;R;False;False
 Jesus ;COMPRENSION;COMPRE;0.412;False;0.000;0;0.000;11;E;False;False
 Jesus ;COMPRENSION;COMPREN;0.288;False;0.000;0;0.000;11;N;False;False
 Jesus ;COMPRENSION;COMPRENS;0.340;False;0.000;0;0.000;11;S;False;False
 Jesus ;COMPRENSION;COMPRENSI;0.413;False;0.000;0;0.000;11;I;False;False
 Jesus ;COMPRENSION;COMPRENSIO;0.281;False;0.000;0;0.000;11;O;False;False
 Cristhian ;MEDESCORAZONARE;MEDESCORAZONARE;0.885;False;0.000;0;0.000;15;E;False;False
 Jesus ;COMPRENSION;COMPRENSION;0.393;False;0.000;0;0.000;11;N;False;False
Jesus;COMPRENSION;COMPRENSION;0.437;False;0.000;19;0.000;11;;False;False
Cristhian;MEDESCORAZONARE;MEDESCORAZONARE;0.690;False;0.000;5;9.328;15;;False;True
 Cristhian ;MIMIMIMIMIMI;M;-0.148;False;0.000;0;0.000;12;M;False;False
 Cristhian ;MIMIMIMIMIMI;MI;-0.025;False;0.000;0;0.000;12;I;False;False
 Cristhian ;MIMIMIMIMIMI;MIM;0.286;False;0.000;0;0.000;12;M;False;False
 Cristhian ;MIMIMIMIMIMI;MIMI;0.387;False;0.000;0;0.000;12;I;False;False
 Cristhian ;MIMIMIMIMIMI;MIMIM;0.410;False;0.000;0;0.000;12;M;False;False
 Cristhian ;MIMIMIMIMIMI;MIMIMI;0.510;False;0.000;0;0.000;12;I;False;False
 Cristhian ;MIMIMIMIMIMI;MIMIMIM;0.792;False;0.000;0;0.000;12;M;False;False
 Cristhian ;MIMIMIMIMIMI;MIMIMIMI;0.931;False;0.000;0;0.000;12;I;False;False
 Cristhian ;MIMIMIMIMIMI;MIMIMIMIM;0.344;False;0.000;0;0.000;12;M;False;False
 Cristhian ;MIMIMIMIMIMI;MIMIMIMIMI;0.354;False;0.000;0;0.000;12;I;False;False
 Cristhian ;MIMIMIMIMIMI;MIMIMIMIMIM;9.326;False;0.000;0;0.000;12;M;False;False
 Cristhian ;MIMIMIMIMIMI;MIMIMIMIMIMI;9.328;False;0.000;0;0.000;12;I;False;False
 Cristhian ;MIMIMIMIMIMI;MIMIMIMIMIMIM;9.330;False;0.000;0;0.000;12;M;True;False
Cristhian;MIMIMIMIMIMI;MIMIMIMIMIMI;9.333;False;0.000;6;13.887;12;;False;True
 Cristhian ;MIMIMIMIMIMI;MIMIMIMIMIMIAlt;9.337;False;0.000;0;0.000;12;t;True;False
 Jesus ;ZANAHORIA;Z;0.932;False;0.000;0;0.000;9;Z;False;False
 Jesus ;ZANAHORIA;ZA;1.138;False;0.000;0;0.000;9;A;False;False
 Jesus ;ZANAHORIA;ZAN;0.354;False;0.000;0;0.000;9;N;False;False
 Jesus ;ZANAHORIA;ZANA;0.414;False;0.000;0;0.000;9;A;False;False
 Jesus ;ZANAHORIA;ZANAH;0.387;False;0.000;0;0.000;9;H;False;False
 Jesus ;ZANAHORIA;ZANAHG;0.413;False;0.000;0;0.000;9;G;True;False
 Jesus ;ZANAHORIA;ZANAHO;0.661;False;0.000;0;0.000;9;O;False;False
 Jesus ;ZANAHORIA;ZANAHOR;0.741;False;0.000;0;0.000;9;R;False;False
 Jesus ;ZANAHORIA;ZANAHORI;0.858;False;0.000;0;0.000;9;I;False;False
 Jesus ;ZANAHORIA;ZANAHORIA;0.277;False;0.000;0;0.000;9;A;False;False
Jesus;ZANAHORIA;ZANAHORIA;0.152;False;0.000;1;4.497;9;;False;True
 Jesus ;PANTALON;P;-0.005;False;0.000;0;0.000;8;P;False;False
 Jesus ;PANTALON;PA;0.151;False;0.000;0;0.000;8;A;False;False
 Jesus ;PANTALON;PAN;0.210;False;0.000;0;0.000;8;N;False;False
 Jesus ;PANTALON;PANT;0.360;False;0.000;0;0.000;8;T;False;False
 Jesus ;PANTALON;PANTA;0.338;False;0.000;0;0.000;8;A;False;False
 Jesus ;PANTALON;PANTAL;0.413;False;0.000;0;0.000;8;L;False;False
 Jesus ;PANTALON;PANTALO;0.427;False;0.000;0;0.000;8;O;False;False
 Jesus ;PANTALON;PANTALON;0.621;False;0.000;0;0.000;8;N;False;False
Jesus;PANTALON;PANTALON;0.443;False;0.000;2;3.090;8;;False;True
 Jesus ;PQINZLVNREUS;P;-0.005;False;0.000;0;0.000;12;P;False;False
 Jesus ;PQINZLVNREUS;PQ;0.152;False;0.000;0;0.000;12;Q;False;False
 Jesus ;PQINZLVNREUS;PQO;0.721;False;0.000;0;0.000;12;O;True;False
 Jesus ;PQINZLVNREUS;PQI;0.704;False;0.000;0;0.000;12;I;False;False
 Jesus ;PQINZLVNREUS;PQIN;0.906;False;0.000;0;0.000;12;N;False;False
 Jesus ;PQINZLVNREUS;PQINZ;0.353;False;0.000;0;0.000;12;Z;False;False
 Jesus ;PQINZLVNREUS;PQINZL;0.731;False;0.000;0;0.000;12;L;False;False
 Jesus ;PQINZLVNREUS;PQINZLV;0.906;False;0.000;0;0.000;12;V;False;False
 Jesus ;PQINZLVNREUS;PQINZLVN;0.830;False;0.000;0;0.000;12;N;False;False
 Jesus ;PQINZLVNREUS;PQINZLVNR;0.986;False;0.000;0;0.000;12;R;False;False
 Jesus ;PQINZLVNREUS;PQINZLVNRE;0.417;False;0.000;0;0.000;12;E;False;False
 Jesus ;PQINZLVNREUS;PQINZLVNREU;0.345;False;0.000;0;0.000;12;U;False;False
 Jesus ;PQINZLVNREUS;PQINZLVNREUS;0.434;False;0.000;0;0.000;12;S;False;False
Jesus;PQINZLVNREUS;PQINZLVNREUS;0.361;False;0.000;3;6.968;12;;False;True
 Jesus ;MEDESCUAJRINGARE;M;-0.056;False;0.000;0;0.000;16;M;False;False
 Jesus ;MEDESCUAJRINGARE;ME;0.058;False;0.000;0;0.000;16;E;False;False
 Jesus ;MEDESCUAJRINGARE;MED;0.279;False;0.000;0;0.000;16;D;False;False
 Jesus ;MEDESCUAJRINGARE;MEDE;0.312;False;0.000;0;0.000;16;E;False;False
 Jesus ;MEDESCUAJRINGARE;MEDES;0.329;False;0.000;0;0.000;16;S;False;False
 Jesus ;MEDESCUAJRINGARE;MEDESC;0.432;False;0.000;0;0.000;16;C;False;False
 Jesus ;MEDESCUAJRINGARE;MEDESCU;0.736;False;0.000;0;0.000;16;U;False;False
 Jesus ;MEDESCUAJRINGARE;MEDESCUA;0.825;False;0.000;0;0.000;16;A;False;False
 Jesus ;MEDESCUAJRINGARE;MEDESCUAJ;1.094;False;0.000;0;0.000;16;J;False;False
 Jesus ;MEDESCUAJRINGARE;MEDESCUAJR;0.701;False;0.000;0;0.000;16;R;False;False
 Jesus ;MEDESCUAJRINGARE;MEDESCUAJRI;0.281;False;0.000;0;0.000;16;I;False;False
 Jesus ;MEDESCUAJRINGARE;MEDESCUAJRIN;0.521;False;0.000;0;0.000;16;N;False;False
 Jesus ;MEDESCUAJRINGARE;MEDESCUAJRING;0.859;False;0.000;0;0.000;16;G;False;False
 Jesus ;MEDESCUAJRINGARE;MEDESCUAJRINGA;0.939;False;0.000;0;0.000;16;A;False;False
 Jesus ;MEDESCUAJRINGARE;MEDESCUAJRINGAR;1.079;False;0.000;0;0.000;16;R;False;False
 Jesus ;MEDESCUAJRINGARE;MEDESCUAJRINGARE;0.313;False;0.000;0;0.000;16;E;False;False
Jesus;MEDESCUAJRINGARE;MEDESCUAJRINGARE;0.301;False;0.000;4;6.896;16;;False;True
 Jesus ;MEDESCORAZONARE;M;-0.098;False;0.000;0;0.000;15;M;False;False
 Jesus ;MEDESCORAZONARE;ME;0.016;False;0.000;0;0.000;15;E;False;False
 Jesus ;MEDESCORAZONARE;MED;0.116;False;0.000;0;0.000;15;D;False;False
 Jesus ;MEDESCORAZONARE;MEDE;0.235;False;0.000;0;0.000;15;E;False;False
 Jesus ;MEDESCORAZONARE;MEDES;0.156;False;0.000;0;0.000;15;S;False;False
 Jesus ;MEDESCORAZONARE;MEDESC;0.273;False;0.000;0;0.000;15;C;False;False
 Jesus ;MEDESCORAZONARE;MEDESCO;0.464;False;0.000;0;0.000;15;O;False;False
 Jesus ;MEDESCORAZONARE;MEDESCOR;0.394;False;0.000;0;0.000;15;R;False;False
 Jesus ;MEDESCORAZONARE;MEDESCORA;0.337;False;0.000;0;0.000;15;A;False;False
 Jesus ;MEDESCORAZONARE;MEDESCORAZ;0.658;False;0.000;0;0.000;15;Z;False;False
 Jesus ;MEDESCORAZONARE;MEDESCORAZO;0.839;False;0.000;0;0.000;15;O;False;False
 Jesus ;MEDESCORAZONARE;MEDESCORAZON;0.422;False;0.000;0;0.000;15;N;False;False
 Jesus ;MEDESCORAZONARE;MEDESCORAZONA;0.419;False;0.000;0;0.000;15;A;False;False
 Jesus ;MEDESCORAZONARE;MEDESCORAZONAR;0.335;False;0.000;0;0.000;15;R;False;False
 Jesus ;MEDESCORAZONARE;MEDESCORAZONARE;0.382;False;0.000;0;0.000;15;E;False;False
Jesus;MEDESCORAZONARE;MEDESCORAZONARE;0.600;False;0.000;5;4.860;15;;False;True
 Jesus ;MIMIMIMIMIMI;M;-0.037;False;0.000;0;0.000;12;M;False;False
 Jesus ;MIMIMIMIMIMI;MI;0.221;False;0.000;0;0.000;12;I;False;False
 Jesus ;MIMIMIMIMIMI;MIM;0.462;False;0.000;0;0.000;12;M;False;False
 Jesus ;MIMIMIMIMIMI;MIMI;0.397;False;0.000;0;0.000;12;I;False;False
 Jesus ;MIMIMIMIMIMI;MIMIM;0.357;False;0.000;0;0.000;12;M;False;False
 Jesus ;MIMIMIMIMIMI;MIMIMI;0.283;False;0.000;0;0.000;12;I;False;False
 Jesus ;MIMIMIMIMIMI;MIMIMIM;0.291;False;0.000;0;0.000;12;M;False;False
 Jesus ;MIMIMIMIMIMI;MIMIMIMI;0.513;False;0.000;0;0.000;12;I;False;False
 Jesus ;MIMIMIMIMIMI;MIMIMIMIM;0.453;False;0.000;0;0.000;12;M;False;False
 Jesus ;MIMIMIMIMIMI;MIMIMIMIMI;0.448;False;0.000;0;0.000;12;I;False;False
 Jesus ;MIMIMIMIMIMI;MIMIMIMIMIM;0.383;False;0.000;0;0.000;12;M;False;False
 Jesus ;MIMIMIMIMIMI;MIMIMIMIMIMI;0.377;False;0.000;0;0.000;12;I;False;False
Jesus;MIMIMIMIMIMI;MIMIMIMIMIMI;0.456;False;0.000;6;4.427;12;;False;True
 Jesus ;QWMNZP;Q;-0.482;False;0.000;0;0.000;6;Q;False;False
 Jesus ;QWMNZP;QW;0.547;False;0.000;0;0.000;6;W;False;False
 Jesus ;QWMNZP;QWM;1.301;False;0.000;0;0.000;6;M;False;False
 Jesus ;QWMNZP;QWMN;1.517;False;0.000;0;0.000;6;N;False;False
 Jesus ;QWMNZP;QWMNZ;0.597;False;0.000;0;0.000;6;Z;False;False
 Jesus ;QWMNZP;QWMNZP;0.877;False;0.000;0;0.000;6;P;False;False
Jesus;QWMNZP;QWMNZP;1.096;False;0.000;7;4.929;6;;False;True
 Jesus ;PZKOFTLILILILI;P;0.107;False;0.000;0;0.000;14;P;False;False
 Jesus ;PZKOFTLILILILI;PZ;0.280;False;0.000;0;0.000;14;Z;False;False
 Jesus ;PZKOFTLILILILI;PZK;0.896;False;0.000;0;0.000;14;K;False;False
 Jesus ;PZKOFTLILILILI;PZKO;1.134;False;0.000;0;0.000;14;O;False;False
 Jesus ;PZKOFTLILILILI;PZKOF;0.911;False;0.000;0;0.000;14;F;False;False
 Jesus ;PZKOFTLILILILI;PZKOFT;1.106;False;0.000;0;0.000;14;T;False;False
 Jesus ;PZKOFTLILILILI;PZKOFTL;0.490;False;0.000;0;0.000;14;L;False;False
 Jesus ;PZKOFTLILILILI;PZKOFTLI;0.708;False;0.000;0;0.000;14;I;False;False
 Jesus ;PZKOFTLILILILI;PZKOFTLIL;0.281;False;0.000;0;0.000;14;L;False;False
 Jesus ;PZKOFTLILILILI;PZKOFTLILI;0.529;False;0.000;0;0.000;14;I;False;False
 Jesus ;PZKOFTLILILILI;PZKOFTLILIL;0.527;False;0.000;0;0.000;14;L;False;False
 Jesus ;PZKOFTLILILILI;PZKOFTLILILI;0.473;False;0.000;0;0.000;14;I;False;False
 Jesus ;PZKOFTLILILILI;PZKOFTLILILIL;0.401;False;0.000;0;0.000;14;L;False;False
 Jesus ;PZKOFTLILILILI;PZKOFTLILILILI;0.343;False;0.000;0;0.000;14;I;False;False
Jesus;PZKOFTLILILILI;PZKOFTLILILILI;0.298;False;0.000;8;6.301;14;;False;True
 Jesus ;PELIAGUDO;P;-0.008;False;0.000;0;0.000;9;P;False;False
 Jesus ;PELIAGUDO;PE;0.102;False;0.000;0;0.000;9;E;False;False
 Jesus ;PELIAGUDO;PEL;0.212;False;0.000;0;0.000;9;L;False;False
 Jesus ;PELIAGUDO;PELI;0.194;False;0.000;0;0.000;9;I;False;False
 Jesus ;PELIAGUDO;PELIA;0.290;False;0.000;0;0.000;9;A;False;False
 Jesus ;PELIAGUDO;PELIAG;0.638;False;0.000;0;0.000;9;G;False;False
 Jesus ;PELIAGUDO;PELIAGU;0.806;False;0.000;0;0.000;9;U;False;False
 Jesus ;PELIAGUDO;PELIAGUD;0.391;False;0.000;0;0.000;9;D;False;False
 Jesus ;PELIAGUDO;PELIAGUDO;0.353;False;0.000;0;0.000;9;O;False;False
Jesus;PELIAGUDO;PELIAGUDO;1.050;False;0.000;9;4.347;9;;False;True
 Jesus ;ZIZIZIHIZIZHIHIHI;Z;0.005;False;0.000;0;0.000;17;Z;False;False
 Jesus ;ZIZIZIHIZIZHIHIHI;ZI;0.232;False;0.000;0;0.000;17;I;False;False
 Jesus ;ZIZIZIHIZIZHIHIHI;ZIZ;0.369;False;0.000;0;0.000;17;Z;False;False
 Jesus ;ZIZIZIHIZIZHIHIHI;ZIZI;0.559;False;0.000;0;0.000;17;I;False;False
 Jesus ;ZIZIZIHIZIZHIHIHI;ZIZIZ;0.331;False;0.000;0;0.000;17;Z;False;False
 Jesus ;ZIZIZIHIZIZHIHIHI;ZIZIZI;0.519;False;0.000;0;0.000;17;I;False;False
 Jesus ;ZIZIZIHIZIZHIHIHI;ZIZIZIH;0.870;False;0.000;0;0.000;17;H;False;False
 Jesus ;ZIZIZIHIZIZHIHIHI;ZIZIZIHI;0.545;False;0.000;0;0.000;17;I;False;False
 Jesus ;ZIZIZIHIZIZHIHIHI;ZIZIZIHIZ;0.449;False;0.000;0;0.000;17;Z;False;False
 Jesus ;ZIZIZIHIZIZHIHIHI;ZIZIZIHIZI;0.289;False;0.000;0;0.000;17;I;False;False
 Jesus ;ZIZIZIHIZIZHIHIHI;ZIZIZIHIZIZ;0.358;False;0.000;0;0.000;17;Z;False;False
 Jesus ;ZIZIZIHIZIZHIHIHI;ZIZIZIHIZIZH;0.862;False;0.000;0;0.000;17;H;False;False
 Jesus ;ZIZIZIHIZIZHIHIHI;ZIZIZIHIZIZHI;0.507;False;0.000;0;0.000;17;I;False;False
 Jesus ;ZIZIZIHIZIZHIHIHI;ZIZIZIHIZIZHIH;0.310;False;0.000;0;0.000;17;H;False;False
 Jesus ;ZIZIZIHIZIZHIHIHI;ZIZIZIHIZIZHIHI;0.325;False;0.000;0;0.000;17;I;False;False
 Jesus ;ZIZIZIHIZIZHIHIHI;ZIZIZIHIZIZHIHIH;0.585;False;0.000;0;0.000;17;H;False;False
 Jesus ;ZIZIZIHIZIZHIHIHI;ZIZIZIHIZIZHIHIHI;0.459;False;0.000;0;0.000;17;I;False;False
Jesus;ZIZIZIHIZIZHIHIHI;ZIZIZIHIZIZHIHIHI;0.299;False;0.000;10;8.012;17;;False;True
 Jesus ;DIMENSION;D;0.001;False;0.000;0;0.000;9;D;False;False
 Jesus ;DIMENSION;DI;0.120;False;0.000;0;0.000;9;I;False;False
 Jesus ;DIMENSION;DIM;0.309;False;0.000;0;0.000;9;M;False;False
 Jesus ;DIMENSION;DIME;0.299;False;0.000;0;0.000;9;E;False;False
 Jesus ;DIMENSION;DIMEN;0.458;False;0.000;0;0.000;9;N;False;False
 Jesus ;DIMENSION;DIMENS;0.300;False;0.000;0;0.000;9;S;False;False
 Jesus ;DIMENSION;DIMENSI;0.277;False;0.000;0;0.000;9;I;False;False
 Jesus ;DIMENSION;DIMENSIO;0.313;False;0.000;0;0.000;9;O;False;False
 Jesus ;DIMENSION;DIMENSION;0.355;False;0.000;0;0.000;9;N;False;False
Jesus;DIMENSION;DIMENSION;0.438;False;0.000;11;2.860;9;;False;True
 Jesus ;CORRECCION;C;-0.174;False;0.000;0;0.000;10;C;False;False
 Jesus ;CORRECCION;CO;0.025;False;0.000;0;0.000;10;O;False;False
 Jesus ;CORRECCION;COR;0.484;False;0.000;0;0.000;10;R;False;False
 Jesus ;CORRECCION;CORR;0.665;False;0.000;0;0.000;10;R;False;False
 Jesus ;CORRECCION;CORRE;0.602;False;0.000;0;0.000;10;E;False;False
 Jesus ;CORRECCION;CORREC;0.809;False;0.000;0;0.000;10;C;False;False
 Jesus ;CORRECCION;CORRECC;0.414;False;0.000;0;0.000;10;C;False;False
 Jesus ;CORRECCION;CORRECCI;0.327;False;0.000;0;0.000;10;I;False;False
 Jesus ;CORRECCION;CORRECCIO;0.279;False;0.000;0;0.000;10;O;False;False
 Jesus ;CORRECCION;CORRECCION;0.355;False;0.000;0;0.000;10;N;False;False
Jesus;CORRECCION;CORRECCION;0.445;False;0.000;12;3.838;10;;False;True
 Jesus ;PASION;P;-0.037;False;0.000;0;0.000;6;P;False;False
 Jesus ;PASION;PA;0.031;False;0.000;0;0.000;6;A;False;False
 Jesus ;PASION;PAS;0.105;False;0.000;0;0.000;6;S;False;False
 Jesus ;PASION;PASI;0.163;False;0.000;0;0.000;6;I;False;False
 Jesus ;PASION;PASIO;0.173;False;0.000;0;0.000;6;O;False;False
 Jesus ;PASION;PASION;0.869;False;0.000;0;0.000;6;N;False;False
Jesus;PASION;PASION;0.310;False;0.000;13;2.980;6;;False;True
 Jesus ;PRESION;P;-0.029;False;0.000;0;0.000;7;P;False;False
 Jesus ;PRESION;PR;0.062;False;0.000;0;0.000;7;R;False;False
 Jesus ;PRESION;PRE;0.135;False;0.000;0;0.000;7;E;False;False
 Jesus ;PRESION;PRES;0.168;False;0.000;0;0.000;7;S;False;False
 Jesus ;PRESION;PRESI;0.316;False;0.000;0;0.000;7;I;False;False
 Jesus ;PRESION;PRESIO;0.511;False;0.000;0;0.000;7;O;False;False
 Jesus ;PRESION;PRESION;0.383;False;0.000;0;0.000;7;N;False;False
Jesus;PRESION;PRESION;0.412;False;0.000;14;2.671;7;;False;True
 Jesus ;PRECISION;P;0.027;False;0.000;0;0.000;9;P;False;False
 Jesus ;PRECISION;PR;0.163;False;0.000;0;0.000;9;R;False;False
 Jesus ;PRECISION;PRE;0.259;False;0.000;0;0.000;9;E;False;False
 Jesus ;PRECISION;PREC;0.398;False;0.000;0;0.000;9;C;False;False
 Jesus ;PRECISION;PRECI;0.582;False;0.000;0;0.000;9;I;False;False
 Jesus ;PRECISION;PRECIS;0.626;False;0.000;0;0.000;9;S;False;False
 Jesus ;PRECISION;PRECISI;0.389;False;0.000;0;0.000;9;I;False;False
 Jesus ;PRECISION;PRECISIO;0.326;False;0.000;0;0.000;9;O;False;False
 Jesus ;PRECISION;PRECISION;0.348;False;0.000;0;0.000;9;N;False;False
Jesus;PRECISION;PRECISION;0.291;False;0.000;15;3.058;9;;False;True
 Jesus ;PRIVACION;P;0.050;False;0.000;0;0.000;9;P;False;False
 Jesus ;PRIVACION;PR;0.196;False;0.000;0;0.000;9;R;False;False
 Jesus ;PRIVACION;PRI;0.363;False;0.000;0;0.000;9;I;False;False
 Jesus ;PRIVACION;PRIV;0.612;False;0.000;0;0.000;9;V;False;False
 Jesus ;PRIVACION;PRIVA;0.303;False;0.000;0;0.000;9;A;False;False
 Jesus ;PRIVACION;PRIVAC;0.455;False;0.000;0;0.000;9;C;False;False
 Jesus ;PRIVACION;PRIVACI;0.294;False;0.000;0;0.000;9;I;False;False
 Jesus ;PRIVACION;PRIVACIO;0.277;False;0.000;0;0.000;9;O;False;False
 Jesus ;PRIVACION;PRIVACION;0.430;False;0.000;0;0.000;9;N;False;False
Jesus;PRIVACION;PRIVACION;0.542;False;0.000;16;3.123;9;;False;True
 Jesus ;TRADICION;T;-0.036;False;0.000;0;0.000;9;T;False;False
 Jesus ;TRADICION;TR;-0.015;False;0.000;0;0.000;9;R;False;False
 Jesus ;TRADICION;TRR;0.074;False;0.000;0;0.000;9;R;True;False
 Jesus ;TRADICION;TRRA;0.374;False;0.000;0;0.000;9;A;True;False
 Jesus ;TRADICION;TRA;0.725;False;0.000;0;0.000;9;A;False;False
 Jesus ;TRADICION;TRAD;0.450;False;0.000;0;0.000;9;D;False;False
 Jesus ;TRADICION;TRADI;0.336;False;0.000;0;0.000;9;I;False;False
 Jesus ;TRADICION;TRADIC;0.433;False;0.000;0;0.000;9;C;False;False
 Jesus ;TRADICION;TRADICI;0.602;False;0.000;0;0.000;9;I;False;False
 Jesus ;TRADICION;TRADICII;0.418;False;0.000;0;0.000;9;I;True;False
 Jesus ;TRADICION;TRADICIIO;0.605;False;0.000;0;0.000;9;O;True;False
 Jesus ;TRADICION;TRADICIO;0.667;False;0.000;0;0.000;9;O;False;False
 Jesus ;TRADICION;TRADICION;0.836;False;0.000;0;0.000;9;N;False;False
Jesus;TRADICION;TRADICION;0.384;False;0.000;17;5.284;9;;False;True
 Jesus ;TENSION;T;-0.055;False;0.000;0;0.000;7;T;False;False
 Jesus ;TENSION;TE;0.040;False;0.000;0;0.000;7;E;False;False
 Jesus ;TENSION;TEN;0.147;False;0.000;0;0.000;7;N;False;False
 Jesus ;TENSION;TENS;0.247;False;0.000;0;0.000;7;S;False;False
 Jesus ;TENSION;TENSI;0.233;False;0.000;0;0.000;7;I;False;False
 Jesus ;TENSION;TENSIO;0.201;False;0.000;0;0.000;7;O;False;False
 Jesus ;TENSION;TENSION;0.339;False;0.000;0;0.000;7;N;False;False
Jesus;TENSION;TENSION;0.583;False;0.000;18;2.381;7;;False;True
 Jesus ;COMPOSICION;C;-0.084;False;0.000;0;0.000;11;C;False;False
 Jesus ;COMPOSICION;CO;-0.004;False;0.000;0;0.000;11;O;False;False
 Jesus ;COMPOSICION;COM;0.184;False;0.000;0;0.000;11;M;False;False
 Jesus ;COMPOSICION;COMP;0.401;False;0.000;0;0.000;11;P;False;False
 Jesus ;COMPOSICION;COMPO;0.801;False;0.000;0;0.000;11;O;False;False
 Jesus ;COMPOSICION;COMPOS;0.912;False;0.000;0;0.000;11;S;False;False
 Jesus ;COMPOSICION;COMPOSI;0.309;False;0.000;0;0.000;11;I;False;False
 Jesus ;COMPOSICION;COMPOSIC;0.375;False;0.000;0;0.000;11;C;False;False
 Jesus ;COMPOSICION;COMPOSICI;0.517;False;0.000;0;0.000;11;I;False;False
 Jesus ;COMPOSICION;COMPOSICIO;0.453;False;0.000;0;0.000;11;O;False;False
 Jesus ;COMPOSICION;COMPOSICION;0.696;False;0.000;0;0.000;11;N;False;False
Jesus;COMPOSICION;COMPOSICION;0.271;False;0.000;19;4.265;11;;False;True
 Jesus ;COMPRENSION;C;-0.066;False;0.000;0;0.000;11;C;False;False
 Jesus ;COMPRENSION;CO;0.085;False;0.000;0;0.000;11;O;False;False
 Jesus ;COMPRENSION;COM;0.273;False;0.000;0;0.000;11;M;False;False
 Jesus ;COMPRENSION;COMP;0.229;False;0.000;0;0.000;11;P;False;False
 Jesus ;COMPRENSION;COMPR;0.340;False;0.000;0;0.000;11;R;False;False
 Jesus ;COMPRENSION;COMPRE;0.330;False;0.000;0;0.000;11;E;False;False
 Jesus ;COMPRENSION;COMPREN;0.353;False;0.000;0;0.000;11;N;False;False
 Jesus ;COMPRENSION;COMPRENS;0.512;False;0.000;0;0.000;11;S;False;False
 Jesus ;COMPRENSION;COMPRENSI;0.426;False;0.000;0;0.000;11;I;False;False
 Jesus ;COMPRENSION;COMPRENSIO;0.645;False;0.000;0;0.000;11;O;False;False
 Jesus ;COMPRENSION;COMPRENSION;0.407;False;0.000;0;0.000;11;N;False;False
Jesus;COMPRENSION;COMPRENSION;0.460;False;0.000;19;0.000;11;;False;False
